word,score,weights
ugh,4.117879224253232,1
garbage,4.447380111055023,1
unplayable,4.584248973266176,1
pointless,4.594814754709576,1
boredom,4.637409420289855,1
worst,4.724275103685734,1
uninteresting,4.749646968174204,1
uninspired,4.785140796306981,1
awful,4.814829100460395,1
boring,4.9545471582757346,1
waste,4.999187117130983,1
meaningless,5.012217006802722,1
horrible,5.070088067553993,1
disappointment,5.083539138710444,1
whatsoever,5.111282071232877,1
dull,5.151270059497248,1
soulless,5.1574599609375,1
uninspiring,5.178741463414634,1
rinse,5.199626672504378,1
lame,5.2039362280981205,1
terrible,5.26710454343856,1
mediocre,5.287082014076882,1
tolerable,5.296669699727024,1
miserable,5.317608069164265,1
blah,5.327914689265537,1
worse,5.328904114061121,1
disappointing,5.33955543891678,1
crap,5.345462770382696,1
rubbish,5.345593203883495,1
tedious,5.347985646469703,1
joke,5.3601786567511045,1
painfully,5.377743055555555,1
mindless,5.389751372983234,1
arbitrary,5.458312566628041,1
broken,5.461258924917135,1
nonsense,5.463191691616767,1
forgettable,5.476229446935725,1
stupid,5.480294255291178,1
monopoly,5.501684143637659,1
excuse,5.504965626989178,1
wasted,5.543126216117217,1
unsatisfying,5.544429868819374,1
outdated,5.550497719869708,1
trivial,5.551016151884387,1
worthless,5.5555893371757925,1
irritating,5.5559819566787,1
dumb,5.55833233733594,1
sorry,5.564819753577107,1
bore,5.566847908745247,1
poorly,5.56950402879515,1
illusion,5.588759894459103,1
threw,5.589343499197432,1
needlessly,5.592314471243043,1
flawed,5.623143442004118,1
junk,5.634603434178251,1
wasting,5.636379467570183,1
mildly,5.6366600128783,1
harmless,5.637056713928273,1
bland,5.644907407809111,1
trash,5.648011246791346,1
goodwill,5.667502857142858,1
tea,5.674199830532411,1
donated,5.683595945945945,1
drunk,5.687300451092118,1
lousy,5.689417927411652,1
lackluster,5.694427414330218,1
trivia,5.702087626574462,1
exercise,5.711154597366597,1
slog,5.7134143327841835,1
supposed,5.715676703536603,1
pursuit,5.73535223663522,1
horribly,5.736609629783693,1
activity,5.740382855211572,1
shallow,5.743876250658242,1
quit,5.745814438888889,1
poor,5.750208674767061,1
ruined,5.7512768697859995,1
fest,5.754826570321812,1
agency,5.778091364692218,1
substance,5.779346153846153,1
dragged,5.784235745088644,1
stalemate,5.793922033613445,1
novelty,5.7941442803837955,1
utterly,5.818981904761905,1
annoying,5.819421360840794,1
absurd,5.821657181153533,1
pig,5.821890369473046,1
convoluted,5.827560957688808,1
pretend,5.828021387329591,1
repetitive,5.8297372424444305,1
flat,5.8347207798294125,1
cup,5.847213369179601,1
desire,5.848707026584352,1
useless,5.863039715308863,1
zero,5.864478078118065,1
thrift,5.8684017613118735,1
painful,5.869018891069676,1
fundamentally,5.869253152279341,1
alright,5.872588931702816,1
boil,5.877781860828772,1
irrelevant,5.8819210929281125,1
supposedly,5.8953927691043555,1
sake,5.908232706917233,1
clumsy,5.909628136200717,1
barely,5.912224774817634,1
random,5.915844531556356,1
themeless,5.9176023622047245,1
closet,5.91791196013289,1
remotely,5.920082818181818,1
unintuitive,5.9204178470254964,1
toy,5.9235584230055665,1
marketing,5.930168637532134,1
bingo,5.931393955321944,1
unbalanced,5.934970809258767,1
indifferent,5.936447562776957,1
amusing,5.940487537091989,1
inferior,5.940721139534884,1
lazy,5.945366869322152,1
unnecessarily,5.945577753779698,1
motion,5.951186254295532,1
execution,5.954792500592558,1
hate,5.956507623043031,1
bloated,5.963289549839228,1
clone,5.964058164206642,1
severely,5.9643615320512815,1
gimmick,5.970979223553935,1
alcohol,5.973498134328358,1
suck,5.974613109598685,1
tiresome,5.9791589648798515,1
mess,5.979780496078617,1
ladder,5.980417236024845,1
disappointed,5.980622530036043,1
suppose,5.981938819289516,1
mouth,5.982894947874899,1
excite,5.988108635752688,1
childhood,5.993437446626815,1
jackson,6.002141693811075,1
randomly,6.009810385948693,1
wore,6.010102777777778,1
charity,6.013053892215569,1
fake,6.022056330203443,1
ultimately,6.029777493512812,1
repeat,6.030265861182519,1
dislike,6.030850510983763,1
mercy,6.032146117921775,1
chore,6.0324272,1
pass,6.034728170034312,1
kingmaking,6.041233164983165,1
ambiguous,6.043280561122244,1
unclear,6.045711844077961,1
grind,6.048975472689075,1
terribly,6.052319871770336,1
child,6.0554752234887985,1
vaguely,6.057264957264957,1
generic,6.058533377176732,1
obvious,6.059729414318067,1
diversion,6.0599716312056735,1
ridiculous,6.061078885567889,1
ugly,6.064487960457856,1
badly,6.065321355932205,1
premise,6.07245153822536,1
derivative,6.07251582278481,1
frankly,6.079229649840836,1
humanity,6.082428992067196,1
payoff,6.082439257528557,1
taste,6.084730108464071,1
simplistic,6.088685785007071,1
battleship,6.090997302764666,1
stolen,6.092056514913658,1
unfortunately,6.097698215881746,1
buried,6.098150890346767,1
halt,6.105123885034687,1
humor,6.10630456852792,1
acceptable,6.107727774987444,1
idea,6.109388457027401,1
skip,6.110057803468208,1
felt,6.112449216027097,1
bizarre,6.113144078144078,1
vague,6.113349182602175,1
dry,6.116517738377098,1
artificial,6.117363023012552,1
nostalgia,6.120304301899948,1
halfway,6.122833466773419,1
refuse,6.12698974609375,1
recall,6.128594932191292,1
basically,6.128609108006228,1
roll,6.1298621922182255,1
drag,6.13411595811447,1
snowball,6.135757097791798,1
incomplete,6.138124754420432,1
question,6.140384577359847,1
monkey,6.1410115557065215,1
lucky,6.142440806633392,1
answer,6.145906003231889,1
bash,6.146923383050847,1
sigh,6.14757688364524,1
exist,6.149852763661677,1
candy,6.150133072407044,1
garage,6.1524517019319225,1
magnet,6.153268026219957,1
theory,6.154616141732283,1
drinking,6.1574553250345785,1
average,6.160288410093092,1
unnecessary,6.165557375117814,1
awkward,6.166942833917755,1
humour,6.1692491467576795,1
elimination,6.169993295513823,1
sadly,6.17253794102159,1
forever,6.174626434368878,1
definition,6.174867951127819,1
actively,6.175915404040404,1
guess,6.176339663737234,1
severe,6.1781399094650205,1
fell,6.178452593137977,1
pasted,6.1804723854289065,1
elementary,6.181078678206137,1
impossible,6.183349880922432,1
cheating,6.183519696969697,1
practice,6.184010193036261,1
kids,6.186607730852797,1
unable,6.189864840989399,1
forced,6.195341075639158,1
kingmaker,6.197121872909698,1
anticlimactic,6.200183676748582,1
sold,6.205236130151286,1
avoid,6.206819914303521,1
uneven,6.211363290175171,1
silly,6.211614230043998,1
nostalgic,6.211677662582469,1
angry,6.217639585448393,1
checker,6.217875798026697,1
backwards,6.219084721099434,1
weak,6.22029116983968,1
hosed,6.221926444833626,1
marble,6.222076872751062,1
failure,6.224090467323841,1
attempt,6.224482629009095,1
blind,6.226319839527028,1
young,6.231915166497556,1
gave,6.233142104334183,1
messy,6.233875948955918,1
apparently,6.235249744023183,1
spark,6.235808012820512,1
screwed,6.238650480989465,1
memorize,6.239760869565217,1
agreed,6.239825659640905,1
entirely,6.243049316750294,1
obtuse,6.244410957746479,1
mechanical,6.246950604967098,1
rummy,6.250042316678648,1
bell,6.251631412286256,1
steve,6.252466242464836,1
drew,6.253967613412229,1
memory,6.254673280669146,1
incorrect,6.257561953488372,1
shoot,6.258874849683544,1
justify,6.2589044011544015,1
annoyance,6.2636592054263565,1
bother,6.264464372843766,1
meant,6.265619628477307,1
decent,6.266964633722728,1
property,6.270141826484018,1
silliness,6.271127984718243,1
interest,6.271575306522806,1
sad,6.272630351590529,1
literally,6.273067068207716,1
unlucky,6.2746055209452205,1
determined,6.275598183282981,1
runaway,6.276814236591291,1
dependent,6.2791254939603105,1
kill,6.2846308300047395,1
dragging,6.2871301366120225,1
meaningful,6.288891166787452,1
frustration,6.289937446074203,1
distraction,6.290071260767423,1
recognition,6.290727943508425,1
nightmare,6.290752489331437,1
fuss,6.291080701754386,1
slow,6.291641503708698,1
fail,6.29388149291605,1
rid,6.294942826086956,1
chaotic,6.298129023448671,1
restrictive,6.2987514585764295,1
hoped,6.298838863817362,1
nowadays,6.299721604447975,1
overly,6.299777454236271,1
lack,6.302447049746412,1
actual,6.305260664847433,1
obscure,6.306702592592592,1
excessive,6.3070975456261795,1
quot,6.307613814756672,1
merit,6.309386809320018,1
pile,6.309476906170006,1
scrabble,6.309543807354377,1
obsolete,6.31029181184669,1
aged,6.312029896013865,1
promise,6.312078400503778,1
strip,6.317423822714681,1
argument,6.317437291891892,1
completely,6.317573810279892,1
seek,6.318855852852853,1
draw,6.318892094710502,1
virtually,6.323929317548745,1
youth,6.326642935377875,1
redundant,6.326885714285714,1
toss,6.327042728019721,1
convinced,6.327317265026221,1
bottom,6.327546471685316,1
failing,6.329082268041238,1
publisher,6.330286092097075,1
audience,6.330793318563432,1
moderately,6.333231748849441,1
humorous,6.333602285714286,1
problematic,6.338520770083102,1
salt,6.3388816244897965,1
slows,6.339176213592234,1
wear,6.342063185840708,1
wildly,6.343699580448066,1
linear,6.347087388282025,1
stuck,6.347528234051542,1
rolled,6.347939208602151,1
rolling,6.348326813420913,1
essentially,6.348804825990373,1
recipe,6.3506219512195115,1
saving,6.351534195933457,1
device,6.353368333333334,1
missing,6.359602910013021,1
paper,6.360919331727244,1
electronic,6.362556451612903,1
revisit,6.362795227524973,1
generous,6.364922058823529,1
guessing,6.36701583090379,1
younger,6.3686271015087765,1
weird,6.368762870007505,1
liar,6.371246268656717,1
cute,6.372336365254991,1
stick,6.37377474886473,1
questionable,6.373995494505494,1
assume,6.37421595212766,1
practically,6.376631459655485,1
incorrectly,6.377195712954333,1
equivalent,6.378108808479532,1
largely,6.381478635496183,1
remember,6.382186150829176,1
strictly,6.382235268054941,1
headache,6.382877158034528,1
empty,6.3853978953356085,1
left,6.385763590016404,1
grab,6.391079941525497,1
fluff,6.392362030905077,1
font,6.392426278941565,1
ridiculously,6.3933568246253545,1
prize,6.393867816091954,1
fundamental,6.394337686567164,1
domino,6.39586053519967,1
incentive,6.396874974999999,1
swingy,6.397283423913043,1
phrase,6.398390971690895,1
pawn,6.398837185760081,1
loser,6.399789695173582,1
popularity,6.400498354180382,1
instead,6.402420931988647,1
matching,6.402446761285908,1
counting,6.403095336106491,1
spin,6.403855983162959,1
niece,6.403923749999999,1
opposite,6.40437638006022,1
strange,6.404608429174202,1
dealt,6.406325934197886,1
competent,6.408665028665029,1
throwing,6.409159050095812,1
unfair,6.411066635367762,1
fish,6.4118367213464,1
attraction,6.412198997852542,1
kind,6.413213890130631,1
predictable,6.414124648153992,1
static,6.4148523904220776,1
dust,6.4155476190476195,1
goofy,6.415884702678166,1
cumbersome,6.416244180194805,1
wrong,6.416658454487872,1
sort,6.416900887096774,1
honest,6.417643232682059,1
identical,6.418617807050093,1
quote,6.419048401826484,1
ruin,6.419349981374873,1
broke,6.421643152732367,1
luster,6.421880657640232,1
purely,6.422810744985673,1
target,6.4246202473413785,1
string,6.424967018469657,1
ended,6.425017697039599,1
decided,6.425136821377071,1
purpose,6.429357429956895,1
wa,6.4296993508280496,1
loop,6.433329625884732,1
shame,6.433578023952096,1
solely,6.433844761627907,1
exact,6.434391098148618,1
penalty,6.434680468899521,1
distinguish,6.434820929592959,1
intended,6.435284611384783,1
noise,6.4355117574257426,1
upside,6.437202869038607,1
saboteur,6.437261697247707,1
stripped,6.437327469553451,1
save,6.437407241691452,1
constrained,6.437642118863049,1
flip,6.438749733772471,1
grain,6.440719834710745,1
bookkeeping,6.441761136031204,1
told,6.44201896807152,1
response,6.442325722855429,1
cheat,6.444065841584159,1
talisman,6.445089128966914,1
confused,6.445690322580645,1
concept,6.448236545684538,1
dexterity,6.448564531495376,1
problem,6.448605567099888,1
warrant,6.450602769679301,1
syndrome,6.451112129760226,1
conclusion,6.451157981102363,1
correct,6.451418607257205,1
math,6.451562229043684,1
reality,6.453364941935484,1
fine,6.453561134812286,1
penguin,6.453698630136986,1
raw,6.453851132686085,1
technically,6.454033143032535,1
ball,6.454702669605682,1
heavily,6.4562870270270265,1
vocabulary,6.45799448757764,1
accurately,6.461600413223141,1
thin,6.462410517045455,1
backer,6.463000959232614,1
legal,6.464544708777686,1
sentence,6.465874346349745,1
dump,6.467931345980126,1
request,6.470284073506891,1
sound,6.471425127076784,1
accidentally,6.472137282229965,1
promising,6.473424621246078,1
drawing,6.474435958913276,1
slide,6.475070985915493,1
automatic,6.475162212389381,1
locked,6.475472736625515,1
circumstance,6.476124874943156,1
description,6.476745807962529,1
pity,6.4789968821138215,1
text,6.479556349832719,1
fall,6.479581058173952,1
principle,6.47967005826657,1
connect,6.479810027855153,1
pencil,6.479814657332351,1
appeal,6.48059593272548,1
harsh,6.4814943342776195,1
away,6.482363759150404,1
nephew,6.482722371967655,1
occasion,6.4829491547012505,1
low,6.483746571809397,1
credit,6.484443554006968,1
odd,6.484627523789385,1
unfortunate,6.485270873251378,1
tax,6.487106019151846,1
stopped,6.487555669050051,1
drawn,6.489564902028985,1
attrition,6.49030137977227,1
rest,6.490347437909268,1
letter,6.490436420852511,1
roller,6.493690874384237,1
extreme,6.494051328200192,1
properly,6.494702311225428,1
pattern,6.49478171005386,1
impress,6.494849917081261,1
intention,6.495151110254433,1
automatically,6.4952599750623445,1
stall,6.496414285714286,1
steal,6.496467579387716,1
repeatedly,6.497278360071302,1
transparent,6.4977473281703775,1
wonky,6.498304712041885,1
license,6.5004881889763775,1
sell,6.502337442177849,1
thrown,6.502540808690405,1
spend,6.503097210082215,1
funny,6.503783472314877,1
underlying,6.503830088495576,1
bone,6.5039962326621925,1
object,6.505550032488628,1
enthusiasm,6.506769179894181,1
affair,6.507847074161869,1
mass,6.508200442967885,1
shake,6.508826713819369,1
resulting,6.509451567058824,1
desired,6.51063498908297,1
occasionally,6.511555135852592,1
forgot,6.512248489736071,1
prior,6.5147266111111115,1
woman,6.514761241699867,1
inevitably,6.515000721500721,1
removed,6.515043922628952,1
half,6.515296317113769,1
domain,6.516163358778627,1
deserve,6.51792665723982,1
causing,6.518874352363413,1
result,6.518986583156103,1
luck,6.5199878434018865,1
effort,6.5202687314267465,1
geography,6.521201171875,1
honestly,6.521305717623908,1
imbalance,6.521325556717199,1
massively,6.5213663752122235,1
gang,6.521829548926882,1
computer,6.522173894665767,1
leaf,6.522472579467681,1
picture,6.525411743856332,1
offensive,6.525539068369647,1
pop,6.526059554256485,1
hey,6.526518071850841,1
victim,6.52669977519942,1
randomness,6.528124788737077,1
customer,6.528290681909347,1
found,6.530037003694303,1
entertainment,6.53058684232715,1
mathematical,6.53105141980046,1
trap,6.532008242621176,1
word,6.533670200256579,1
hole,6.533929824561404,1
spent,6.534519649648712,1
stealing,6.535118768283294,1
dollar,6.53543373078521,1
reason,6.536333366493331,1
yard,6.536871357202331,1
adult,6.537135278091028,1
stack,6.537294611117038,1
educational,6.538793006004945,1
recognize,6.539704968944099,1
outright,6.540444162436549,1
cash,6.540934288446215,1
decently,6.54257085106383,1
eliminate,6.54350197029703,1
gambling,6.543685280099041,1
particularly,6.5441731524957705,1
error,6.544426272045856,1
symbol,6.5448973178148275,1
engage,6.544996285979573,1
outcome,6.545226382369147,1
move,6.545300247988652,1
convince,6.545867988032909,1
happening,6.546118669298653,1
square,6.5462864649004056,1
saved,6.546557268722467,1
indicate,6.546805539215686,1
fare,6.54698468875813,1
shot,6.547927390086469,1
ninja,6.548052542001461,1
limiting,6.548221008771929,1
plain,6.548345330380213,1
coherent,6.548430451127819,1
reduced,6.548923528715216,1
written,6.549865417482642,1
throw,6.550366802030457,1
assigned,6.552845217794254,1
catching,6.553389680772086,1
narrow,6.553861889927311,1
pain,6.553919581387303,1
ran,6.553953566666667,1
ago,6.554353814915087,1
calling,6.555018639798488,1
deduce,6.555855577047066,1
correctly,6.556124309412862,1
guy,6.556202086400889,1
colour,6.556237984578313,1
disaster,6.556767990074442,1
probability,6.556854509532062,1
functional,6.557778218043429,1
occasional,6.558004511278196,1
finger,6.558025099479645,1
cheap,6.558424824682283,1
recover,6.55997766610832,1
restricted,6.561092783505154,1
mild,6.563724847560976,1
meaning,6.564381738277419,1
pretzel,6.566081446540881,1
calculating,6.568065644850818,1
long,6.568220800293828,1
lastly,6.568435775451951,1
swap,6.568794153424657,1
body,6.569049088252484,1
thief,6.5695314954486355,1
thankfully,6.570092877767084,1
effectively,6.571209661452753,1
maze,6.571622453058753,1
hell,6.572058234758872,1
passing,6.572566375654776,1
zombie,6.573024092598097,1
remove,6.574444972254484,1
deterministic,6.574483796296296,1
hope,6.57483446233566,1
stale,6.575003206459054,1
oddly,6.575531780688985,1
mechanically,6.576342069896743,1
distributed,6.576457249070632,1
dice,6.57732528415777,1
bunch,6.579065157434174,1
dropping,6.579261860949209,1
underneath,6.579658457550227,1
haunt,6.580300508552936,1
mood,6.580554233794413,1
pretty,6.581334116737704,1
oversized,6.581336585365855,1
exchange,6.582293659545142,1
vote,6.583400306820865,1
optimal,6.583809821844822,1
urge,6.585110608020699,1
vastly,6.585539200340281,1
sat,6.587218100890207,1
contest,6.587605490196078,1
serve,6.588037181467182,1
odds,6.588108028114019,1
bust,6.588362023939064,1
testing,6.589562887760858,1
doubt,6.590311237032025,1
soul,6.5903681161872525,1
instance,6.5903981847218525,1
doctor,6.590841337386019,1
doe,6.591486938507107,1
fix,6.591685393659458,1
restriction,6.591738029639609,1
argue,6.591739686228936,1
judge,6.591987569364162,1
collect,6.592430291461713,1
nuclear,6.5936454156577895,1
icon,6.593674142857143,1
additionally,6.593859428030302,1
sick,6.593970625000001,1
labyrinth,6.5941498740554145,1
search,6.594197911036036,1
spending,6.594816945641026,1
catch,6.595444584239411,1
determine,6.5956944457478,1
sitting,6.597380784627702,1
delay,6.597773033884948,1
adequate,6.597849002849003,1
passive,6.597884982121573,1
sum,6.598351211904762,1
conversion,6.599519118996636,1
flimsy,6.599615889328063,1
neat,6.599775273441845,1
school,6.600231976047905,1
admittedly,6.600594450041981,1
affected,6.60093057996485,1
differentiate,6.601435555555557,1
reaction,6.601451548864507,1
killing,6.601515144053189,1
blank,6.601632435817158,1
serf,6.601859332238642,1
million,6.602136635730859,1
bog,6.603324708454811,1
totally,6.604130049600911,1
lesson,6.604506512301013,1
happen,6.605112127163281,1
dictate,6.60641282051282,1
drink,6.606702380952382,1
resolve,6.606712452769774,1
tested,6.607180733539549,1
wound,6.6073226544622425,1
modifier,6.608317673816568,1
liking,6.6098275921711425,1
person,6.610025399304322,1
speed,6.612721797134186,1
attribute,6.613777703156481,1
attack,6.614311336637652,1
bang,6.614378317680686,1
cloud,6.614417637271214,1
chicken,6.6145912854030495,1
typical,6.614713779278329,1
wacky,6.615014322916667,1
pair,6.615019512195122,1
distance,6.615635786223278,1
leader,6.616056142178785,1
originality,6.618259816753926,1
nut,6.618641469979295,1
leave,6.618739951569942,1
solitary,6.618784629133154,1
walking,6.618807582260373,1
dead,6.619237010390636,1
defend,6.619559310824922,1
fancy,6.619663489871087,1
voting,6.619693099173554,1
discard,6.620268872697598,1
hot,6.620509505703422,1
loud,6.620642628205128,1
imagine,6.621080027052159,1
fragile,6.62142782152231,1
hanging,6.621804769357496,1
turned,6.622718337261372,1
ambiguity,6.623176023329798,1
tendency,6.624138561320754,1
impression,6.624857351108448,1
verdict,6.626276752767529,1
screw,6.626334975999999,1
confusion,6.626636506616258,1
generally,6.627096327523841,1
shooting,6.629090909090909,1
clue,6.629499944751382,1
shark,6.629959655963303,1
product,6.630236886997822,1
basic,6.631413929862387,1
screwing,6.632417763157895,1
excitement,6.633994841802493,1
shape,6.634340775862069,1
bug,6.634861245447925,1
biggest,6.635581244861042,1
fruit,6.635647653000595,1
gifted,6.635776351495727,1
positive,6.637390990159902,1
owner,6.637752040615788,1
charm,6.638143296590618,1
similarly,6.639242390684411,1
assuming,6.640238392181589,1
lower,6.6402469964753275,1
circle,6.641294962003941,1
vampire,6.641311258278146,1
whim,6.64162424969988,1
miss,6.641721727228447,1
developer,6.6418716931216935,1
involve,6.642076223637088,1
limited,6.6423052621240855,1
shut,6.642564826700899,1
blame,6.642780832678712,1
revealing,6.642959420289855,1
simply,6.643497169962244,1
grade,6.643756646216769,1
selling,6.644643848171578,1
tiny,6.644830713545104,1
damage,6.644880175291277,1
panic,6.645203339130435,1
code,6.645673970448046,1
information,6.645991218701655,1
colored,6.646036926456984,1
claim,6.646447859167536,1
respect,6.646637306713644,1
latter,6.646799004137931,1
effect,6.647186014927362,1
land,6.647294117821781,1
lose,6.647379997140507,1
college,6.6475521754510085,1
item,6.64783727090636,1
vein,6.6484026113013694,1
deliver,6.648647212008993,1
led,6.648930710156895,1
alhambra,6.649120129745315,1
tin,6.649802049622438,1
hide,6.650383656509695,1
waiting,6.651220138908882,1
chaos,6.65122476869675,1
money,6.651392476278058,1
obstacle,6.6518749999999995,1
lock,6.652201268364348,1
color,6.652260050363047,1
flash,6.653296460176992,1
flaw,6.653854235018086,1
fairy,6.653870920957217,1
trouble,6.65411911822572,1
collected,6.6549688416815735,1
shop,6.655064271225731,1
hook,6.655282661782661,1
majority,6.656722651423174,1
falling,6.657483958090803,1
chance,6.65750180478118,1
boat,6.658756026165168,1
matter,6.659885201638159,1
author,6.660160505381376,1
calculate,6.661204063710719,1
convincing,6.661321362799263,1
abstract,6.661966651891357,1
eventually,6.662303945371774,1
resolution,6.663261965891473,1
ass,6.6652,1
pushing,6.666236626192541,1
eating,6.666918854415275,1
suspect,6.667146383235945,1
plastic,6.668341433341099,1
inherent,6.668628453038673,1
potentially,6.668897700778432,1
leaving,6.669107885379628,1
identity,6.669543373493976,1
eat,6.669660795568983,1
special,6.66985906184462,1
attacker,6.670382535675083,1
logic,6.670447633969119,1
type,6.670485199629825,1
swing,6.670488868091118,1
admit,6.670830470879802,1
clip,6.671217913204063,1
rotating,6.671376395534289,1
quarter,6.671394607843138,1
popular,6.671569508928571,1
fulfill,6.672031668856767,1
physically,6.672080372250423,1
interesting,6.673255195532562,1
ending,6.673286730794229,1
killer,6.673511855237154,1
minimal,6.6736099981929895,1
sheep,6.673946490887941,1
news,6.674022190408017,1
click,6.67469674227218,1
function,6.6747460037827615,1
distribution,6.674843623188405,1
process,6.676805238926174,1
enjoyment,6.678177027401051,1
standing,6.6790443007275675,1
store,6.67916480300615,1
defined,6.679652461161079,1
turn,6.679853837657925,1
read,6.680234144818096,1
translation,6.680709865933311,1
chose,6.680786944696283,1
risk,6.680905809595202,1
category,6.681102661911555,1
girl,6.681809402795426,1
welcome,6.681871007307756,1
stated,6.681926960507758,1
burned,6.682142429995253,1
filler,6.682665885703578,1
upkeep,6.682833962940824,1
silent,6.682875234521576,1
compelling,6.682971580628887,1
primary,6.683835421166307,1
truck,6.68445611618799,1
erratum,6.68486790527018,1
spell,6.6849241196114155,1
potter,6.68538143989432,1
spoil,6.68598872445384,1
busy,6.686781821247892,1
buck,6.68682910260994,1
shuffle,6.687756671961874,1
center,6.68818804664723,1
mouse,6.688529963310232,1
based,6.688941512357786,1
attract,6.689007633587786,1
walk,6.689266452074391,1
crash,6.689637532133676,1
crowd,6.689718581744655,1
machi,6.691151234567901,1
stand,6.691712487840916,1
bet,6.691756356413167,1
parent,6.691901283880171,1
card,6.692063521996995,1
stop,6.692150835982794,1
relevant,6.692257980582525,1
image,6.692593140794224,1
comment,6.6931683216964055,1
reverse,6.693853941120608,1
patience,6.694015363128491,1
moving,6.695091407393239,1
timer,6.695558181337563,1
identify,6.695799512987013,1
piece,6.695971707041547,1
ratio,6.696318123867069,1
teacher,6.696473867595818,1
loose,6.696520677083334,1
beer,6.698539327192632,1
dinosaur,6.698712871287129,1
accept,6.698992282655246,1
mitigation,6.699403635448137,1
column,6.69952149514563,1
department,6.699559176672384,1
resolved,6.699678001916626,1
portion,6.699796885934219,1
middle,6.700202931953592,1
leading,6.700857581648522,1
window,6.7013805774278214,1
crayon,6.701561989100817,1
showing,6.701609626168223,1
jungle,6.701719258843346,1
extent,6.701862575027787,1
removing,6.702342027920646,1
entire,6.702519703266371,1
discount,6.702691626409018,1
adjacent,6.702698892188892,1
call,6.702931320901996,1
sufficiently,6.702962025316456,1
prevent,6.703349727793697,1
pit,6.70358125,1
animal,6.703849170543315,1
timed,6.704462482946794,1
rate,6.705001169147308,1
akin,6.705400662544169,1
brown,6.7054551066217725,1
decline,6.705536839933992,1
floor,6.705790918293564,1
unplayed,6.7059327610993655,1
truth,6.705972823072657,1
press,6.7062047174828265,1
shiny,6.70639652014652,1
generate,6.708514762898897,1
nifty,6.708664197530864,1
trump,6.709111072783719,1
particular,6.709566584248293,1
convert,6.709776247848537,1
comparison,6.709997415329769,1
dirty,6.710400555555555,1
car,6.7107656189353415,1
lying,6.710767784642542,1
shuffling,6.710807007466973,1
longer,6.711073417314487,1
pen,6.7111559088182355,1
mile,6.711872573839662,1
lay,6.712230656986431,1
trade,6.7129212007472825,1
public,6.713629351155667,1
calculation,6.713919743155517,1
stayed,6.714150853889943,1
orange,6.714264086232239,1
revealed,6.715015143351458,1
major,6.715736184792219,1
admire,6.716019520766773,1
horse,6.716357388487416,1
considerably,6.717118309156845,1
disc,6.717264810552906,1
cube,6.717607755741127,1
proper,6.7177869944156345,1
knowledge,6.7181094119477285,1
collectible,6.718130061349694,1
knocking,6.7191433566433565,1
knew,6.7193891383055755,1
net,6.719540940023068,1
prefer,6.719816475772767,1
chasing,6.720153994225217,1
betting,6.720188403614459,1
total,6.72031227162551,1
issue,6.720673063748548,1
suit,6.720894472811671,1
stuff,6.7215148257462065,1
harry,6.7217663619631915,1
pub,6.7218491625817,1
blocked,6.7220156682629515,1
disadvantage,6.722359570661897,1
someday,6.72263947368421,1
line,6.7230724761641,1
realize,6.723286719290957,1
bullet,6.723734939759035,1
simplified,6.723999046483909,1
improve,6.724642510576824,1
connection,6.724797136038187,1
chucker,6.724947706422018,1
early,6.7252686478961365,1
central,6.7255241670094605,1
casino,6.7255719512195125,1
direction,6.726489010082493,1
strangely,6.726782422293676,1
acting,6.726900373134328,1
spite,6.726916249431042,1
blow,6.727367635708774,1
display,6.727937853107345,1
accumulate,6.729216580645161,1
rely,6.729637441860465,1
point,6.729657924358552,1
fair,6.729734863805474,1
turning,6.729943701578192,1
condition,6.730332492400032,1
flick,6.730491397109428,1
listed,6.731475898123324,1
probably,6.731587090614066,1
paying,6.731836520947176,1
characteristic,6.7323085182534,1
winner,6.732374316550252,1
hand,6.732398996855735,1
general,6.733224185022025,1
potential,6.7334619491157905,1
altogether,6.733566363636363,1
older,6.733688727014011,1
topic,6.733785056564062,1
instruction,6.735130088516747,1
twenty,6.735448717948718,1
speak,6.73548881640261,1
comic,6.735846088193457,1
experiment,6.735905986597172,1
requirement,6.736646865353912,1
aim,6.737283476898982,1
current,6.73749336,1
appealing,6.737629156055672,1
figured,6.738555532503458,1
position,6.73865248448385,1
corresponding,6.738780370072406,1
fault,6.73950240689131,1
interpretation,6.739751208944793,1
slot,6.73991322603219,1
light,6.740030463087852,1
encourage,6.740416441605839,1
fairly,6.740531249147473,1
searching,6.740636601657728,1
werewolf,6.741037336666092,1
address,6.741149328947368,1
inspiration,6.741157063197027,1
laugh,6.741555127484874,1
initial,6.7428987971423195,1
winning,6.743035267958951,1
wind,6.743121543188801,1
handful,6.743244047619048,1
assemble,6.743336457357075,1
movement,6.743664402761408,1
stopping,6.744615580016935,1
cow,6.744966065747613,1
hinder,6.744980514419329,1
express,6.74503326764145,1
wall,6.745063596844308,1
desperately,6.7451135666463795,1
pyramid,6.745423087469152,1
destroy,6.745448531963471,1
scored,6.745960716837342,1
reflect,6.746126428999401,1
substitute,6.746545004945598,1
pirate,6.747175963089844,1
remind,6.747203380511704,1
reveal,6.747214442664226,1
similar,6.747535914245294,1
laser,6.747888905325444,1
scream,6.7480696798493405,1
designer,6.748139667115796,1
bomb,6.748323343182778,1
photo,6.748509321086261,1
hurt,6.749008381173736,1
reach,6.749112548603747,1
former,6.749338852108916,1
reading,6.749618892360125,1
driving,6.749865571321882,1
bill,6.749912410501194,1
superior,6.750823790092359,1
location,6.751048652762119,1
refer,6.751056868537667,1
partially,6.751246114885731,1
measure,6.751501630094044,1
show,6.751503376336702,1
solution,6.7516630741525425,1
hearing,6.751861711322386,1
executed,6.751904047976013,1
real,6.752238545489518,1
plague,6.75266533736153,1
micro,6.752716208308953,1
shelf,6.753138086491901,1
minus,6.754946779865125,1
screwage,6.755079192924267,1
sink,6.755564089007227,1
corner,6.755919753995331,1
part,6.756340741709524,1
limit,6.756555050469892,1
lead,6.756562223003705,1
daughter,6.756842806017419,1
specific,6.757230973444051,1
state,6.757441729962464,1
minute,6.757742252675217,1
bid,6.757779176785346,1
variance,6.757805373947499,1
exception,6.757828010922679,1
house,6.7578358675182475,1
rating,6.758495018334797,1
context,6.758843117408907,1
reducing,6.758845018450185,1
secretly,6.759006938657406,1
crowded,6.759533210332104,1
graphic,6.7599215263876244,1
sister,6.760654798374492,1
trick,6.760906013944809,1
substantial,6.761083067092652,1
return,6.761572725983693,1
ranked,6.762466065400844,1
basis,6.762802600472814,1
vanilla,6.762935385784872,1
opaque,6.762979635584138,1
place,6.763066430495844,1
case,6.76307936417849,1
related,6.763488049894589,1
expectation,6.763581590425533,1
applied,6.763901631799163,1
receive,6.764101390018484,1
defender,6.764481570680628,1
find,6.764828089165487,1
cousin,6.765125263835264,1
begin,6.765185428684838,1
aka,6.765191854233656,1
fixed,6.765410629124505,1
suggest,6.7656193831971105,1
heck,6.765901453385324,1
robot,6.76609732751568,1
making,6.766155469667938,1
wondering,6.7664865460961625,1
sheriff,6.7665791264889386,1
proved,6.7666919967663715,1
drop,6.766715119463462,1
crushed,6.766781949458482,1
pink,6.766802179379715,1
hassle,6.7669581495327105,1
buzz,6.767003842940685,1
deductive,6.767875320239111,1
finish,6.767879464785306,1
advantage,6.768232960451978,1
bound,6.768248851454823,1
border,6.769542226277372,1
significant,6.769611868817711,1
specifically,6.769823505976096,1
criterion,6.770079234972678,1
marked,6.770310026385225,1
figure,6.770528170947582,1
mastermind,6.770800955414013,1
interested,6.77087229772563,1
shaped,6.771732977850697,1
agree,6.771873204763597,1
sail,6.772885359477124,1
loot,6.773602774274906,1
chinese,6.776165093808631,1
relative,6.776185570809249,1
cooler,6.776199606686332,1
reaching,6.776302704485487,1
lost,6.776823877031658,1
tug,6.7768373015873005,1
complicated,6.777941165443411,1
stay,6.778075228429709,1
surrounding,6.778136560693641,1
row,6.778874238144027,1
match,6.778886865059004,1
curious,6.779189436157517,1
flag,6.7792958185053385,1
limitation,6.779329263937282,1
disk,6.779417261904762,1
joker,6.779740866610025,1
primarily,6.779811327192085,1
burn,6.7800831947176174,1
considering,6.780407158307582,1
complete,6.780650198667325,1
keen,6.78089097637347,1
defense,6.78099329276896,1
pad,6.7810674637062345,1
subject,6.781531360381861,1
apparent,6.781570975918886,1
decide,6.7815890933608305,1
currency,6.782409025582064,1
sequence,6.782430187873612,1
prone,6.7825707508644815,1
rarely,6.782595638114547,1
significantly,6.7831508137085965,1
sticking,6.783601319509896,1
meat,6.7837548195631525,1
entertaining,6.784134165484329,1
single,6.784141986464023,1
tool,6.784157854406131,1
ingredient,6.784695845697328,1
contract,6.785305390334572,1
factor,6.785622316018051,1
chain,6.785867512886599,1
hugely,6.785897435897437,1
break,6.7863094152828145,1
rat,6.78641725490196,1
escape,6.786472008521718,1
mistake,6.786524294091904,1
attached,6.786806285714285,1
contrast,6.7871920052424635,1
torn,6.787797945205479,1
simulate,6.787823149202733,1
seeking,6.788305485232067,1
valid,6.788460502008031,1
trucker,6.788846522781775,1
machine,6.789094114931919,1
watching,6.789689227023738,1
covered,6.789721461187215,1
fool,6.789968685645064,1
optimization,6.790343226564796,1
degree,6.790397892187829,1
partial,6.790481742472774,1
magazine,6.790850417615793,1
trading,6.791081764174092,1
mitigate,6.791101037195994,1
bos,6.791187759952465,1
equal,6.792185406283857,1
conversation,6.792620971620972,1
room,6.7926620913358935,1
breaker,6.7927278111319565,1
contain,6.793229167240192,1
cost,6.793665091318087,1
free,6.794281847562822,1
hear,6.794286617268041,1
visible,6.794319085447262,1
society,6.794707957957957,1
put,6.795281609486907,1
white,6.795847279411764,1
split,6.795921096543505,1
mind,6.7964937259155285,1
dragon,6.796575927145052,1
occur,6.796821883348175,1
lasting,6.797290657984922,1
pay,6.798223423633816,1
pure,6.798839532554258,1
camp,6.799045209235209,1
coup,6.799543864665911,1
appearance,6.800249669239251,1
fourth,6.800928441998306,1
mandatory,6.801233383594693,1
influence,6.8015477869839245,1
necessarily,6.801740386197031,1
grant,6.801838534031414,1
considered,6.80215942627076,1
partly,6.802315137872819,1
bright,6.802499497991968,1
talking,6.802595687331537,1
deduction,6.803101649107633,1
gap,6.803758579881656,1
red,6.8038679650324445,1
round,6.803966695607014,1
angle,6.804401440144015,1
solve,6.804549847616173,1
driven,6.804753773526371,1
gamble,6.80513491588785,1
treasure,6.805783592751467,1
inevitable,6.805963646532438,1
suddenly,6.806612725515463,1
breaking,6.80686337986338,1
vice,6.807840690978887,1
blocking,6.807900874334065,1
lightweight,6.808038129862357,1
stretch,6.8082888819487835,1
unsure,6.80831414197876,1
grey,6.808640883977901,1
slightly,6.808868942712393,1
rated,6.809069485573697,1
constraint,6.809367480620155,1
taking,6.809654165748363,1
native,6.810104076322638,1
minimum,6.810341504582485,1
poker,6.81034733456094,1
equipment,6.810490173739676,1
talk,6.810874700447524,1
suffer,6.811331498452014,1
gather,6.8115328690807795,1
chrome,6.811782157317588,1
mad,6.812079642405063,1
quirky,6.812183570359282,1
apply,6.812383402417963,1
wizard,6.81243984651712,1
blue,6.812582193597896,1
reset,6.812884010268112,1
reasoning,6.813383584589615,1
chit,6.813689726933719,1
office,6.813984375,1
chase,6.813995860881542,1
court,6.8141540906017575,1
divided,6.8143524149214665,1
gift,6.814672141327623,1
grew,6.8147721021611,1
invest,6.814799566115702,1
commodity,6.815059370160042,1
sufficient,6.815194323685765,1
buy,6.815213272899975,1
lie,6.8152628751311655,1
yield,6.8157333244444445,1
niche,6.815996887159534,1
fill,6.8161874105865525,1
depend,6.816397152376722,1
defence,6.816481745325022,1
spy,6.816873778148457,1
dying,6.817377688142934,1
succeed,6.817478295185476,1
wrote,6.817481483483483,1
stake,6.81760348583878,1
push,6.817622637006616,1
coupled,6.817704372913687,1
regard,6.817875474794842,1
ignore,6.81829218328841,1
margin,6.81929006451613,1
alternative,6.819647035378415,1
decisive,6.81974884080371,1
egg,6.819802496656264,1
form,6.819926081993944,1
expense,6.820068092307693,1
worked,6.820193048262338,1
opposed,6.8202345679012355,1
made,6.820524084568236,1
surely,6.8210679999999995,1
reasonable,6.8210839005622965,1
order,6.821108868699274,1
overcome,6.821334089191232,1
chucking,6.821409418548774,1
mention,6.821452594055681,1
produced,6.82172019841885,1
development,6.821792113137491,1
subsequent,6.8221257340355494,1
win,6.8222727479781025,1
predict,6.8226319660894665,1
fact,6.822660681316909,1
finishing,6.8229430021978015,1
hold,6.822971575684767,1
enthusiastic,6.823349499615087,1
screen,6.823748322147652,1
fate,6.824805658012534,1
cut,6.824947967201913,1
participate,6.825133685136324,1
green,6.825462677811996,1
losing,6.825615699958558,1
chosen,6.825930328476821,1
roughly,6.826538582974138,1
title,6.826751290539713,1
cross,6.826844900246581,1
seldom,6.827088954056696,1
active,6.827272608069165,1
decision,6.82765025086212,1
relationship,6.828873568483738,1
regular,6.828988236614736,1
exit,6.829726966000519,1
phone,6.829763293585526,1
batman,6.830336269015212,1
company,6.83035921944219,1
afford,6.830371264980027,1
inside,6.8313928622398405,1
health,6.831587279480038,1
skill,6.831816481034067,1
awhile,6.832319676623732,1
run,6.832790520307937,1
past,6.833259026137104,1
reduce,6.833491666666667,1
voice,6.833937718993928,1
party,6.834154727144681,1
bear,6.83426260636799,1
impact,6.8343311806797855,1
rush,6.834357125862479,1
turns,6.834370098820529,1
explanation,6.834400820207453,1
yellow,6.834449584922593,1
cool,6.834487160624232,1
number,6.83456468035125,1
scoring,6.834654384693321,1
reminiscent,6.8347868510305245,1
progress,6.835448948125207,1
choose,6.8358029433078356,1
today,6.835880471170116,1
movie,6.836032955115976,1
quickly,6.836380696480669,1
huge,6.836497991514714,1
represent,6.836575250856965,1
consequence,6.837559316239315,1
chunk,6.837794561933535,1
weapon,6.838103566869301,1
exhausted,6.838177511627907,1
shorter,6.83903478832952,1
mental,6.839124952812382,1
work,6.839325375799282,1
monster,6.839479425358694,1
double,6.840096137259194,1
situation,6.8402745632393085,1
puzzle,6.840354688858899,1
difference,6.840480074994792,1
triggered,6.840559613138686,1
accomplish,6.841083514908257,1
dominant,6.8414513532856205,1
wild,6.841755844546236,1
lesser,6.841777017543858,1
write,6.841876688459634,1
worth,6.8419988270173775,1
divide,6.842584463118581,1
slowly,6.842628186453022,1
arm,6.842851889168767,1
iconography,6.842864418811003,1
drive,6.843021365890881,1
standard,6.843047979538402,1
tend,6.84312241968211,1
ship,6.843133284611049,1
hex,6.843701911309062,1
rapidly,6.843885912772587,1
landing,6.844092105263158,1
sport,6.84434652594547,1
possibly,6.84506491278815,1
strike,6.84525976527643,1
send,6.845470239589275,1
dare,6.8456144,1
favor,6.8460547049649065,1
moon,6.846786271840254,1
sign,6.846904913557779,1
defensive,6.846977104454685,1
mechanism,6.847017768150296,1
tag,6.847132116004297,1
back,6.847458546728627,1
business,6.847710159447249,1
writing,6.848209599710634,1
catan,6.84835115522495,1
gold,6.848726899855387,1
caught,6.8487990514905155,1
afraid,6.849051831032216,1
feel,6.849143075637959,1
famous,6.849816694867457,1
source,6.850331766004414,1
program,6.850369164619164,1
foot,6.85038580449827,1
negotiation,6.850532811531841,1
chip,6.850667710089092,1
couple,6.850674430008917,1
district,6.850886977886977,1
bargain,6.851091703056769,1
life,6.851179092507368,1
playtime,6.851304569912846,1
speaking,6.851319157635468,1
diamond,6.851351481184948,1
watched,6.851401628721541,1
messing,6.851524455676517,1
death,6.851734739904574,1
valuable,6.85179884781565,1
height,6.851943410852713,1
traditional,6.852027654563297,1
enter,6.852119434458571,1
common,6.8524874650270755,1
continually,6.8526566584158415,1
neighbor,6.852680752532561,1
pleasant,6.852978228928199,1
spoiler,6.853176688251619,1
page,6.853473299916458,1
default,6.853475661827498,1
earn,6.853484664246824,1
band,6.853707983193278,1
frequent,6.853993690851735,1
medici,6.854012686882935,1
possible,6.854173251075073,1
selected,6.854259739500265,1
outstay,6.854565328778821,1
grid,6.854731844142785,1
zone,6.854995054750971,1
marker,6.855019144170579,1
bit,6.855200313473775,1
cover,6.855420881927711,1
select,6.855674623246969,1
personally,6.855711593276271,1
destination,6.856114198871038,1
abstracted,6.856611519516728,1
repeated,6.8566974054349314,1
event,6.856923377668884,1
fashion,6.857351566469093,1
increasingly,6.857354056103109,1
telling,6.857453500475285,1
expensive,6.857554425579504,1
efficiency,6.857833997859245,1
fight,6.858228190538219,1
simultaneously,6.858757894190871,1
decrease,6.858846057571965,1
bidding,6.859144026803802,1
goal,6.859215902126328,1
safe,6.859238585650532,1
choosing,6.859296866469678,1
potion,6.860140608604407,1
facing,6.860450056179776,1
gun,6.860543563474387,1
highest,6.860630408222773,1
appropriate,6.860665742574258,1
give,6.86175862666251,1
church,6.861819417475728,1
leg,6.861879452359751,1
hint,6.862244691869498,1
energy,6.8623669489731105,1
oil,6.862474530831099,1
seemingly,6.862594001260239,1
golden,6.862670306812272,1
arc,6.862986940907606,1
generating,6.863226079593564,1
genre,6.863240469656992,1
forcing,6.863878230337078,1
closed,6.864077245508982,1
value,6.864151867021276,1
tree,6.86441779967569,1
glass,6.864548542441664,1
skull,6.864886400873839,1
rally,6.865121096239643,1
relation,6.865466653412857,1
deny,6.865564350877192,1
protect,6.866224911797133,1
track,6.8663075675046565,1
task,6.866352060787475,1
tower,6.866619517606191,1
choice,6.8672773261222275,1
due,6.867361150996868,1
wheel,6.86781090909091,1
extremely,6.8700811749015624,1
user,6.870428538812785,1
sooner,6.870500302846759,1
scheme,6.870572785527463,1
powerful,6.870736679942888,1
lightly,6.871140698772426,1
holding,6.871148070143224,1
summary,6.871186328555678,1
control,6.871245778601081,1
insanely,6.871312828207051,1
construct,6.871669533445756,1
fire,6.872178042062163,1
mystery,6.873047619047618,1
rough,6.87310011214442,1
score,6.873567881468308,1
alert,6.873770065075921,1
notice,6.873986363636363,1
ownership,6.874236497737557,1
artillery,6.874873210034013,1
trip,6.875049428812605,1
beginning,6.875199759269507,1
region,6.875685541447752,1
chart,6.875775632984902,1
spatial,6.875863294008072,1
typically,6.875879941366761,1
luckily,6.876003902546093,1
shield,6.8761847005535985,1
live,6.876713145380434,1
feature,6.877432407494146,1
visual,6.877574199427233,1
cleaner,6.877746509919178,1
noble,6.877775531739489,1
trigger,6.878205921712303,1
creature,6.878291457286432,1
believe,6.878340502450027,1
manner,6.878514347648262,1
big,6.878569604172621,1
cardboard,6.879040811684275,1
implementation,6.8795082359728825,1
planet,6.879689336821267,1
provisional,6.879694476409666,1
exhausting,6.879737582005624,1
charge,6.8800853979968375,1
higher,6.880258985699066,1
completion,6.880613908872903,1
albeit,6.881331284916201,1
filling,6.8818544267198405,1
multiplier,6.881938960244649,1
climbing,6.882054865424431,1
access,6.88208220603538,1
library,6.882163602251407,1
struggling,6.8826431034482765,1
lengthy,6.882790741516548,1
delivery,6.882928112080846,1
attractive,6.883011154570478,1
execute,6.883150009474183,1
guarantee,6.883159909188034,1
make,6.883209576176264,1
rule,6.883526397936742,1
late,6.883620871918802,1
token,6.8839813601801385,1
social,6.884005891440207,1
considerable,6.884089710982659,1
spread,6.884230722500001,1
usual,6.884564870428675,1
remake,6.884621565934066,1
understood,6.884749427083333,1
abstraction,6.8847795053003535,1
drastically,6.885027152831652,1
upset,6.885200970200971,1
sans,6.885299592786505,1
modify,6.8853800505050495,1
simultaneous,6.885947053571429,1
shown,6.8864361924686195,1
street,6.886741706917725,1
port,6.887265290973873,1
solitaire,6.887413370205603,1
evaluate,6.887750121786198,1
prove,6.888764271323036,1
require,6.888858833579413,1
unit,6.889005278301079,1
designing,6.889107404006679,1
view,6.889338564553255,1
excited,6.889761011888305,1
structure,6.889927485160887,1
quiet,6.8899365079365085,1
skin,6.890601719197707,1
discovered,6.890619741422178,1
manipulate,6.891057638105975,1
f,6.891336901121305,1
simpler,6.8914237253460735,1
law,6.8916259921744,1
loss,6.892143197606539,1
bank,6.892588873038516,1
quantity,6.8926671675432,1
service,6.893188947368421,1
acquire,6.893255792086889,1
presentation,6.893420398245613,1
involved,6.893472334487235,1
overstay,6.893593158660844,1
wonder,6.89379802520063,1
capacity,6.894094845849802,1
hammer,6.894123448726321,1
assassin,6.894256127300614,1
handed,6.8944123711340195,1
franchise,6.894914302957151,1
tales,6.895265392781316,1
benefit,6.89540802431611,1
secondary,6.895446861365236,1
connected,6.895565648224607,1
artifact,6.895946032880629,1
compete,6.89613938908927,1
switching,6.89638628318584,1
tie,6.896499471814672,1
tired,6.896954346733668,1
brand,6.896957554320363,1
tad,6.897282269422989,1
bean,6.89790293697479,1
folk,6.898033533254156,1
opinion,6.898923170207045,1
bite,6.89945197740113,1
dutch,6.900456989247313,1
helping,6.901088803088803,1
giving,6.901194310465191,1
murder,6.901528719397364,1
account,6.901726570327553,1
tank,6.902505279882669,1
polish,6.90259992599445,1
salad,6.9028471484645575,1
contribute,6.902930248833592,1
racing,6.903120090148101,1
modification,6.903193667582418,1
theme,6.9036282985085435,1
creativity,6.9040307692307685,1
axis,6.904799117247624,1
advance,6.90483531276467,1
manual,6.905199016083254,1
hour,6.905543598343026,1
elder,6.905782013685239,1
student,6.906305674773487,1
act,6.906365616234945,1
jan,6.906401064685856,1
purple,6.9067515459363955,1
knowing,6.907104948224853,1
step,6.9075594337511195,1
crime,6.907896871257485,1
destiny,6.908087149187592,1
watch,6.908252270714154,1
castle,6.90886301605217,1
handling,6.909243930099857,1
fellow,6.909363264299802,1
playable,6.909516272228808,1
laying,6.910170218023256,1
rocket,6.9102331245650666,1
block,6.910295230438161,1
stock,6.910575144435895,1
sheet,6.910625134228188,1
previously,6.910892661422484,1
division,6.910986276849642,1
advancing,6.911191834130782,1
formula,6.911252859926919,1
associated,6.911373448461954,1
understand,6.911391140353341,1
short,6.911786101971788,1
cry,6.911842281976744,1
switch,6.912118136932193,1
impulse,6.912391838061466,1
fortunately,6.913149570815451,1
element,6.913308148924924,1
lady,6.913334051724139,1
traitor,6.913349656022288,1
worn,6.913853058890796,1
preliminary,6.914119826566813,1
stone,6.914210736166007,1
calculated,6.914465929694726,1
frame,6.91449840981372,1
sword,6.914612803532009,1
romp,6.914630914826499,1
maximum,6.914794208633094,1
preferred,6.914796025908901,1
readily,6.914873517786561,1
analysis,6.914910676490288,1
dealing,6.91536905925926,1
illustration,6.915641900809717,1
caesar,6.915774918831169,1
existence,6.915808330373002,1
space,6.9159268398299085,1
suitable,6.9159836387366225,1
rock,6.916420799070848,1
feeling,6.916744217332186,1
structured,6.916819666666667,1
successful,6.917048652742713,1
allied,6.917496368038742,1
ground,6.917796594104309,1
boy,6.917868529456308,1
ascension,6.917942319674906,1
prime,6.91794468202765,1
resistance,6.918059111372087,1
method,6.918292433410913,1
star,6.918996793374216,1
evenly,6.919215158924206,1
offering,6.9193683769296745,1
witch,6.919440470588236,1
nice,6.919596641485383,1
perspective,6.919847396471011,1
ahead,6.920027884759005,1
knock,6.920172167332353,1
artist,6.9205429334644375,1
cutting,6.920797527047914,1
combat,6.9213524633201455,1
crawl,6.9215113079234545,1
clear,6.921640681078567,1
sided,6.92175651980198,1
communication,6.921785704974271,1
bought,6.922018775376238,1
accomplished,6.922281028179741,1
wise,6.922346002621232,1
crisis,6.92267060720043,1
pool,6.922688148644125,1
risky,6.922783189316576,1
remain,6.923502125210556,1
fence,6.923666458463461,1
cold,6.923826504723347,1
vehicle,6.9241967397414275,1
constantly,6.925082508480474,1
allies,6.925301924759405,1
contact,6.925347330895796,1
affect,6.925441438576832,1
award,6.92550722704266,1
large,6.926500343552427,1
running,6.926549724109102,1
ideally,6.927085769980508,1
soft,6.9272856298048495,1
thematically,6.928045845925927,1
giant,6.928136437029064,1
independent,6.928369413407821,1
beneficial,6.928376954624782,1
launch,6.928502958579881,1
lite,6.929625925925925,1
garden,6.9298982484076435,1
rail,6.930082060401351,1
market,6.930494371126083,1
buff,6.930604753521127,1
hard,6.930664696392989,1
phase,6.930743533770908,1
production,6.93100734801737,1
emphasis,6.931768695652174,1
hidden,6.931899862587273,1
needing,6.931965244935543,1
implement,6.931992277992277,1
configuration,6.932297872340425,1
carry,6.932440180586907,1
warning,6.933406347554631,1
jack,6.9335427859811425,1
clarification,6.933820483005367,1
mark,6.933843376465215,1
lend,6.934205330700888,1
reference,6.934367809033917,1
hill,6.934386365105008,1
appreciate,6.934398372038653,1
vary,6.9345276673800065,1
offer,6.934789689572131,1
dwarf,6.934870699223085,1
compare,6.935175966225627,1
human,6.936368759758695,1
printed,6.936485637634899,1
earning,6.936661429693636,1
august,6.936736773633998,1
ice,6.9370201910187665,1
counter,6.937213901643926,1
normal,6.937488531142717,1
opposing,6.937616785486951,1
king,6.937709853054315,1
deal,6.93795310706278,1
separate,6.93831625669595,1
massive,6.93852375062344,1
scene,6.938637847375386,1
interestingly,6.9386472694718,1
design,6.938738839248209,1
opponent,6.939184352816002,1
small,6.939298072069227,1
princess,6.939324626865671,1
kick,6.939520390027154,1
pull,6.939628182547519,1
faster,6.940156370875996,1
play,6.940297833722076,1
action,6.940531545576679,1
sending,6.9408960013812155,1
smash,6.941679134705332,1
trek,6.941860103626942,1
whilst,6.94190382370283,1
gaining,6.94246869341894,1
income,6.942535566934894,1
final,6.942843787468529,1
bluff,6.943293202184037,1
produce,6.944185322173089,1
whimsical,6.944241965973535,1
neutral,6.944909719934102,1
shipping,6.945140304081088,1
culture,6.9453370473537595,1
lighthearted,6.945734263245034,1
max,6.946537534415813,1
extend,6.9465717472118955,1
water,6.946589455894476,1
wished,6.946663167104111,1
trait,6.946688178913738,1
mixed,6.946693725714286,1
flood,6.946743871513102,1
fuel,6.946778443113772,1
style,6.9470542402933955,1
factory,6.947195448798989,1
tom,6.947285476618705,1
start,6.947565207626901,1
directly,6.947581960431654,1
bridge,6.9477032472324725,1
activate,6.948404508128961,1
strategically,6.948437709658762,1
inspired,6.948558611656844,1
home,6.948862941485174,1
japanese,6.949146993972878,1
snow,6.9492093704245965,1
digging,6.949269596199525,1
frantic,6.9494340408732,1
chest,6.949635873229939,1
role,6.94980445743716,1
upper,6.94989156626506,1
jump,6.950110692893851,1
manipulation,6.950871736375158,1
dominate,6.951386690647483,1
fort,6.951776243386244,1
allocation,6.952055986666666,1
section,6.952085672082718,1
reward,6.952379311752288,1
art,6.952488509749498,1
straight,6.952778687795132,1
halloween,6.952871490909091,1
expect,6.952935201135309,1
ghost,6.953080684551342,1
minion,6.953165148764499,1
food,6.9535056623987455,1
mus,6.9536136769230765,1
capital,6.953949356172475,1
status,6.95402224383164,1
insane,6.954764910753156,1
success,6.954792497439836,1
road,6.9551054031650335,1
exciting,6.955483349101989,1
alter,6.955786513994911,1
fallen,6.956415311355312,1
obtain,6.956543030597377,1
taxing,6.956722225177304,1
dose,6.957581127733027,1
encounter,6.957715198408187,1
tycoon,6.957933090128755,1
pocket,6.958041337961502,1
dash,6.958094812164579,1
game,6.958641658822727,1
creator,6.958677839721256,1
despite,6.959088247827188,1
starting,6.959542884586142,1
describe,6.959571594301222,1
replacement,6.959914900896009,1
british,6.960330242303307,1
precious,6.96048744059742,1
passenger,6.9605003971405885,1
destruction,6.960794117647059,1
semi,6.960866124721603,1
baby,6.961138577906018,1
fury,6.961637945318973,1
course,6.961675798577037,1
dad,6.962379250069696,1
paint,6.962505034032126,1
butt,6.962528208744712,1
canal,6.962569491525424,1
football,6.962613427770859,1
dixit,6.962892563563373,1
price,6.96289531787773,1
bigger,6.963095538621735,1
sight,6.963106761565837,1
unknown,6.963148159560997,1
aspect,6.963295682363803,1
dramatically,6.963630952380952,1
variant,6.963803043056868,1
wood,6.9638147346115025,1
span,6.964271171941831,1
temple,6.964293519695045,1
capable,6.964420217959896,1
silver,6.964566422594142,1
retreat,6.965158285435948,1
crazy,6.965186969416126,1
territory,6.966097721916732,1
sibling,6.966355932203389,1
test,6.966548353188506,1
follow,6.966690800355714,1
sudden,6.966957370948379,1
union,6.967148083807974,1
keeping,6.967148792483905,1
wan,6.967323532934132,1
population,6.967487926940639,1
doom,6.9678072900635675,1
michael,6.967951170798899,1
bag,6.968069821846456,1
splendor,6.968700831353919,1
share,6.968702134114356,1
explorer,6.968766014834794,1
auction,6.9689787293572065,1
button,6.969852033974073,1
merchant,6.969882112436116,1
hire,6.970193690388848,1
discus,6.970213333333333,1
tableau,6.970265342214056,1
visually,6.970405151515151,1
consider,6.970608062752734,1
language,6.97107664846703,1
revised,6.971116663790624,1
beating,6.971129521186442,1
player,6.971258093174564,1
homemade,6.971656647987773,1
efficiently,6.972159125571937,1
noted,6.972488871527777,1
race,6.973553461573155,1
time,6.973833199483095,1
black,6.97386105989401,1
forget,6.973927322908523,1
nonetheless,6.974078025723473,1
unlock,6.974126048794168,1
dilemma,6.974166059723233,1
adventurer,6.974293478260869,1
build,6.974416232264845,1
picked,6.974518174426633,1
samurai,6.974734839103869,1
built,6.97489071456273,1
russia,6.975452531645569,1
mountain,6.97598694267516,1
nasty,6.976096641936743,1
high,6.97611112658526,1
side,6.976480024428422,1
replace,6.976846951166811,1
paralysis,6.97694599296687,1
drama,6.9770030425963485,1
queen,6.97714340537545,1
perform,6.97731078708059,1
previous,6.977560924133273,1
danger,6.977872611464968,1
strongly,6.978995627959414,1
restaurant,6.979488610687022,1
profit,6.9795784050179215,1
satisfy,6.979774658952498,1
plane,6.97987255668491,1
field,6.979922677041691,1
interact,6.979973211586901,1
debate,6.979993901542984,1
air,6.980433194480268,1
american,6.981073559413028,1
closer,6.981239820933704,1
comparable,6.981308131241084,1
representation,6.981358689282961,1
blowing,6.981462014134275,1
recent,6.981823452980348,1
regret,6.981861455354307,1
tentative,6.981884361424848,1
town,6.982199744490577,1
provide,6.982214342674277,1
york,6.982552170542634,1
layout,6.982977804878049,1
concentration,6.983898305084746,1
pick,6.984049949416851,1
term,6.984271563711299,1
front,6.984385550775226,1
draft,6.984872133168927,1
boss,6.985148648648649,1
fortune,6.9851953762466,1
spot,6.985914231038506,1
working,6.986086974426476,1
posted,6.986589922978178,1
travel,6.986646030593475,1
frequently,6.986807726727926,1
straightforward,6.986857758217061,1
growing,6.986875275604552,1
difficult,6.987060827111525,1
emperor,6.987227129337539,1
unusual,6.98782180321034,1
thunderstone,6.988450666403787,1
coin,6.9884784363461225,1
sabotage,6.988743276283619,1
defeat,6.988843375858685,1
clock,6.989104367373153,1
bloody,6.989129275808937,1
days,6.9893311156601845,1
version,6.9895182219516405,1
touch,6.9895262308029835,1
unpredictable,6.989806386554622,1
originally,6.990140896381579,1
settler,6.990313712374582,1
objective,6.9903375038082,1
similarity,6.9912777153361345,1
thrill,6.99169426193605,1
consuming,6.991848852901485,1
familiarity,6.9927068148565,1
damn,6.993036738943753,1
nature,6.993064683844452,1
scarce,6.993206261682243,1
darn,6.993523248605084,1
meet,6.9936964502492955,1
madness,6.993703519374334,1
descent,6.99384109160856,1
day,6.994021407211256,1
mike,6.994192906574394,1
steady,6.9942460538532965,1
charming,6.994518653225807,1
constant,6.994546760669582,1
naval,6.99494264062067,1
age,6.99525369810015,1
range,6.99535795100685,1
partnership,6.995741414141413,1
satisfaction,6.99622767384106,1
happily,6.996331079429735,1
horror,6.996483215499035,1
puzzling,6.996545771916215,1
negative,6.997039863728617,1
innovation,6.997272263006702,1
god,6.99739807975997,1
setting,6.997449246111836,1
armor,6.997873222748815,1
force,6.997960584422161,1
handled,6.997981651376147,1
soldier,6.998507773662551,1
book,6.99860274437654,1
cast,6.9987892638997655,1
royal,6.998813705335291,1
duration,6.999079447322971,1
mining,6.999079735973598,1
mechanic,6.999094729541511,1
especially,6.999286301857394,1
contrary,6.999487951807229,1
teeth,7.000096021947875,1
arena,7.000251123271889,1
booster,7.00025952582557,1
fighting,7.000271056025459,1
crush,7.000354151880766,1
june,7.001417127799737,1
component,7.00142276990933,1
workshop,7.001680339462518,1
purchase,7.001864562778546,1
mesh,7.0020905235255135,1
provided,7.002144356293564,1
head,7.002151860094376,1
strength,7.002382506593406,1
eye,7.004027179063896,1
forgotten,7.004158841940533,1
explaining,7.004361480904131,1
mobile,7.005115810019518,1
suggestion,7.005413983101991,1
opportunity,7.005606200127239,1
cap,7.0056703672075145,1
ability,7.005726948177033,1
trail,7.005733971291865,1
brother,7.005795056780227,1
received,7.006214833100783,1
present,7.006228725394072,1
geek,7.006644665444546,1
gladly,7.007127930574098,1
selection,7.007663476002968,1
preference,7.00768133010045,1
gate,7.00781459919391,1
finished,7.008001839723745,1
infantry,7.008670350761086,1
imagination,7.008730848861283,1
ring,7.008772478242852,1
clearer,7.008933651551312,1
pickup,7.009383023872679,1
offset,7.009828519855595,1
hunting,7.010159659393294,1
convention,7.010302935055615,1
bonus,7.010435373750469,1
successfully,7.010614450391108,1
designed,7.010623684554362,1
create,7.010975602305118,1
earth,7.011493245689655,1
squeeze,7.011668211306766,1
lean,7.011675723567631,1
forbidden,7.011690513144591,1
devastating,7.011791522801302,1
fear,7.011830491997629,1
sand,7.0118599375,1
hut,7.012052835051547,1
club,7.012157701711491,1
patient,7.012603236245955,1
tear,7.012639618747814,1
wanting,7.013099279267495,1
list,7.013392445164981,1
spiel,7.013918060904612,1
decade,7.014006367218283,1
smaller,7.014353351166275,1
overview,7.014880133715377,1
resource,7.015176564598619,1
shrink,7.016230896044802,1
america,7.016287926136364,1
research,7.016294799790631,1
forest,7.016711188540457,1
desperate,7.016919841269841,1
length,7.017028426130566,1
predecessor,7.01747311827957,1
overhead,7.017604261106074,1
country,7.017663938019652,1
ride,7.018209669175173,1
introductory,7.018291310767833,1
shogun,7.0184140433482805,1
goblin,7.018949609652235,1
support,7.019026998847322,1
model,7.019316905231236,1
clever,7.019754301655239,1
variation,7.020126441186001,1
ticket,7.020389738671782,1
recruit,7.020468582136164,1
digital,7.0208953219624375,1
record,7.021067309269893,1
attention,7.021081589106077,1
raise,7.021291121064061,1
deck,7.021495631540057,1
bump,7.021618327676643,1
fun,7.0218313312151235,1
exclusively,7.02206394891945,1
visit,7.022250637353771,1
acquisition,7.022674299363056,1
plot,7.022857575132587,1
cave,7.022992129857354,1
teammate,7.0230954669540235,1
spaceship,7.023358842866535,1
reiner,7.023563144329897,1
finding,7.02359369562774,1
handy,7.023805061559507,1
river,7.02441495601173,1
include,7.024450864482133,1
power,7.02503488849776,1
wooden,7.025426680391618,1
fleet,7.025511681172698,1
area,7.025885707996389,1
change,7.0259502747810645,1
site,7.0262758620689665,1
route,7.026444888415246,1
iteration,7.026503457891802,1
hunt,7.02656858147714,1
post,7.026810464690817,1
set,7.027198572141997,1
spice,7.0272719357413695,1
brought,7.0276320684499085,1
palace,7.0278474663909,1
plan,7.028006718235889,1
corruption,7.028061184210525,1
train,7.028494106100137,1
sturdy,7.028626526082131,1
harder,7.0289019999999995,1
r,7.029112249170282,1
check,7.029178100390742,1
size,7.029344234451408,1
group,7.029625328985992,1
fitting,7.029658478130617,1
gon,7.029758696448187,1
reputation,7.029964775846294,1
board,7.030213890987204,1
spare,7.030270912034539,1
initially,7.030640682584999,1
enemy,7.030644903732809,1
necessity,7.030721119133574,1
hectic,7.030792207792207,1
arrive,7.031004869888476,1
holiday,7.031244088176353,1
meeting,7.031611420612814,1
revolutionary,7.031618807724601,1
survive,7.031934906256583,1
conquer,7.032135470723307,1
camel,7.032195193171609,1
starter,7.032243337317,1
patchwork,7.0322545364806865,1
momentum,7.032400462382446,1
bar,7.03330831987076,1
open,7.0335161896325085,1
tied,7.0336204927884625,1
melee,7.034302822925576,1
coffee,7.0349872110181995,1
italian,7.035011105235324,1
versus,7.035495276872964,1
accurate,7.035932073242764,1
advancement,7.036033946251769,1
desert,7.0369677426900585,1
florence,7.037265948632974,1
hive,7.037354374009509,1
fit,7.0375766031217495,1
ocean,7.037599666395443,1
clash,7.037673054283846,1
carte,7.037718201497396,1
achieve,7.038052957339118,1
interaction,7.038275920029441,1
supply,7.038380488577986,1
dial,7.038469899665552,1
individual,7.038502840698597,1
personality,7.0389145012573335,1
wrapped,7.039095354090354,1
russian,7.039549388621568,1
investment,7.040138891756735,1
amount,7.040143644706785,1
priority,7.04038107098381,1
station,7.040769495906937,1
warm,7.0410966894377305,1
dominion,7.041211488245819,1
filled,7.0415844165504415,1
laid,7.041718570357411,1
p,7.042410256410257,1
flying,7.04277842190016,1
grip,7.042822859174965,1
continue,7.042986625438744,1
dungeon,7.043083037108152,1
member,7.04322048098434,1
critical,7.043457515936664,1
army,7.043745899004841,1
petit,7.044027415143604,1
reserve,7.044463076923076,1
september,7.044501501501501,1
spring,7.044926096543503,1
extra,7.045333302001213,1
discussion,7.04553315455411,1
harvest,7.046256085526316,1
increase,7.0471329579143385,1
bring,7.047252700641834,1
twist,7.04731347764078,1
chunky,7.047450277161862,1
maintain,7.047484031914894,1
lighter,7.0480884893531535,1
opening,7.048408504635226,1
update,7.048688406215803,1
moderate,7.048833836858006,1
local,7.0489093698371486,1
film,7.049182994454714,1
tech,7.049255357292686,1
temporary,7.049503745318352,1
beware,7.051307146237577,1
concerned,7.051315516703091,1
extended,7.051371252609603,1
betrayal,7.05203868140244,1
indeed,7.052162533384204,1
longevity,7.052543010752688,1
thousand,7.052688408323959,1
shift,7.053432192231732,1
wrinkle,7.053877734753145,1
handle,7.0539995878268575,1
performance,7.054022750853242,1
modern,7.054408133523627,1
stood,7.054526239067055,1
dozen,7.054604749570692,1
key,7.054818391401038,1
traveling,7.054845871559633,1
boost,7.054864353312302,1
clarity,7.0552615694164995,1
yr,7.056353891336271,1
android,7.056812620238555,1
eldritch,7.057514226925338,1
wrap,7.057874355638166,1
complement,7.058154030327215,1
added,7.058398241189783,1
troop,7.058467486795025,1
february,7.058947761194031,1
lord,7.059607757166948,1
magic,7.059826895974376,1
glance,7.06008762476648,1
hunter,7.060200411805079,1
roman,7.060362882629108,1
available,7.060881790851455,1
portability,7.06108732764281,1
confrontation,7.061299231043075,1
beaten,7.061587241003272,1
volcano,7.062384353741496,1
panzer,7.062640652663164,1
storytelling,7.062909652378463,1
rome,7.062995135385327,1
b,7.063001290322581,1
agent,7.063120926243568,1
mother,7.063651208682783,1
importance,7.063736305251227,1
material,7.063775788815093,1
react,7.063993152173913,1
city,7.064119395797368,1
close,7.064740503431537,1
colorful,7.065021306806707,1
titan,7.065253356164383,1
secret,7.065455471142914,1
boot,7.06555934515689,1
guard,7.065671504390989,1
specially,7.066018347653669,1
sept,7.066108181818183,1
teaching,7.066130967012503,1
alpha,7.066497835314091,1
activation,7.0665327449822914,1
year,7.067110137942823,1
study,7.0673352987421385,1
understanding,7.067564341897234,1
efficient,7.067796966369252,1
secure,7.06780925401322,1
evil,7.067975477792733,1
box,7.06818640322969,1
option,7.068440007733525,1
guest,7.069312039312039,1
revolution,7.070167004002287,1
english,7.070319884598792,1
pace,7.0706844699754905,1
climb,7.070778914240756,1
optimize,7.071337982333798,1
alley,7.071375365141188,1
distinct,7.071419836901122,1
transport,7.071789413118528,1
slight,7.0722452409953025,1
engagement,7.072584497206703,1
fought,7.073152611764706,1
emotion,7.073616567036721,1
direct,7.074355380473288,1
captain,7.074708615481435,1
manage,7.074942159498208,1
ultra,7.075126895187871,1
inclusion,7.07515024,1
enjoy,7.075164229938555,1
october,7.075885561883067,1
galaxy,7.075927432970818,1
covering,7.076088821752266,1
stage,7.076276977876106,1
project,7.07694672868534,1
table,7.077149271645176,1
system,7.077283344648675,1
dado,7.077307310344828,1
effective,7.077630398099977,1
island,7.077810501418385,1
hearted,7.077819053030303,1
retail,7.077838821107785,1
mid,7.078009507559395,1
sophisticated,7.078319852941177,1
raid,7.079028403100775,1
initiative,7.079295743348983,1
intriguing,7.079737523151781,1
advice,7.079797826714802,1
note,7.07991475780089,1
settle,7.080273869346734,1
cavalry,7.080619102646868,1
video,7.081330060510148,1
napoleon,7.081624472573839,1
concentrate,7.081868221941992,1
spanish,7.082158541941151,1
fantasy,7.082442126293055,1
deadly,7.082453355155483,1
skilled,7.082524483133842,1
crystal,7.082956784386617,1
july,7.083526059479554,1
generation,7.08449943246311,1
beach,7.085006622516556,1
original,7.085031096671762,1
music,7.085053216374269,1
german,7.085204249656706,1
cake,7.086514175438596,1
accomplishment,7.0865216849315065,1
progression,7.0868289984185555,1
memorable,7.086963106218387,1
tweak,7.087266622950819,1
treatment,7.087287933094384,1
weather,7.087563398140323,1
important,7.088013770302517,1
booklet,7.088537500000001,1
edge,7.089474198963497,1
greater,7.089580428898605,1
web,7.089711732124874,1
tactics,7.089976293954958,1
simple,7.090043757570457,1
gathering,7.091179874854857,1
technology,7.09118460939022,1
warrior,7.091317340736412,1
reinforcement,7.091454799824021,1
hit,7.091584480340596,1
dramatic,7.091843095110155,1
background,7.092129425981873,1
dark,7.092200518764944,1
continent,7.092491445482866,1
largo,7.092547839694656,1
family,7.09278091887087,1
consideration,7.093308823895457,1
detract,7.094916930881421,1
mr,7.096000343347639,1
character,7.096156969248451,1
simulation,7.096448482905983,1
china,7.097436479012346,1
dummy,7.097956826137691,1
strong,7.098183721354048,1
spectacular,7.098509157509158,1
easily,7.098749411960225,1
additional,7.098841652703732,1
history,7.0990685765124555,1
advanced,7.099178373036648,1
quest,7.099665822121264,1
province,7.099681722245673,1
combined,7.100095626188809,1
wave,7.1006283155818535,1
copy,7.100676642163814,1
martin,7.100684692378329,1
naturally,7.101929729729729,1
quality,7.101997130901424,1
construction,7.10200520231214,1
holder,7.102318098720293,1
flavor,7.1024892424845705,1
railroad,7.1024995267392335,1
aid,7.10382257380986,1
collector,7.104015168331483,1
logical,7.104062179956109,1
punch,7.104162647058824,1
formation,7.1042591991342,1
drafting,7.104594721003134,1
rank,7.104896223108705,1
december,7.105031111111111,1
collection,7.106023571151883,1
marriage,7.106329018518518,1
april,7.107292750455374,1
competition,7.1077543042491085,1
beat,7.1077756738263815,1
detective,7.107899810810811,1
horde,7.108215047393366,1
flight,7.108539613220817,1
lot,7.108720039857586,1
incredibly,7.109384339551108,1
accommodate,7.10961404140414,1
competitor,7.109997470489039,1
enormous,7.110121584699454,1
join,7.110870172616713,1
historically,7.110988549199084,1
engine,7.111375506756757,1
gut,7.1115474246771875,1
adjustment,7.111879811035525,1
sealed,7.1122149302707145,1
count,7.112687705991653,1
commit,7.112728255275347,1
heart,7.112793445441765,1
november,7.113035827439887,1
shy,7.113083881578946,1
sharp,7.11444578169014,1
sneak,7.115366110623354,1
bowl,7.115442064846416,1
pressure,7.11571747483401,1
sized,7.115866187696453,1
building,7.116203254334193,1
xmas,7.116568510638299,1
ra,7.116764563928873,1
personal,7.117039030060848,1
team,7.117132187356768,1
depending,7.117186692318078,1
extensive,7.117291666666666,1
container,7.117598455334988,1
march,7.119620169909564,1
dinner,7.119955031534689,1
scratch,7.120066949217996,1
smile,7.1222887811634354,1
experience,7.1235783543872015,1
spieler,7.123884701568547,1
closely,7.124764621968616,1
hobby,7.124822243620038,1
viable,7.124979434870755,1
suburbia,7.125466566113625,1
flavour,7.126363832351366,1
knight,7.126455346876197,1
assault,7.126962567736557,1
episode,7.1269683313032886,1
balancing,7.127187091248832,1
grow,7.127403638340581,1
training,7.127748051865907,1
develop,7.128066625818366,1
greatly,7.1281268646694205,1
gear,7.128387039226222,1
future,7.128478125184181,1
siege,7.128779683138438,1
adorable,7.128950557359307,1
enjoyable,7.1307777437827236,1
south,7.131092733103109,1
myriad,7.131402681614349,1
century,7.131464822771213,1
asset,7.131825966101696,1
sticker,7.132327777294475,1
quick,7.132585262755146,1
japan,7.132825742574258,1
weakness,7.132991233766233,1
immediate,7.13313903131524,1
january,7.133244122516556,1
g,7.133389632383313,1
partner,7.134077249575551,1
maneuver,7.134188235908142,1
dangerous,7.134364005621927,1
logistics,7.134575163398694,1
mechanics,7.134810202484261,1
sucker,7.134908663269307,1
pleasing,7.135031869413136,1
christmas,7.13511391910392,1
amigo,7.1364199322289155,1
creative,7.136433054680005,1
glad,7.136469620113627,1
increasing,7.136924966405376,1
shifting,7.1369683426443205,1
threat,7.137258097334312,1
buddy,7.137293477972838,1
edit,7.13743002885578,1
thumb,7.13885445094217,1
friendly,7.139047669000807,1
focus,7.139123379695054,1
portable,7.13938894451764,1
concern,7.139416392045455,1
private,7.139778688524589,1
villain,7.140295360587965,1
ready,7.140391893848009,1
strategize,7.140431837425909,1
dueling,7.141230121608981,1
physical,7.142355801636977,1
environment,7.142640300644239,1
hero,7.142699356399844,1
crack,7.142840462686568,1
casual,7.14319167517573,1
aesthetic,7.14394818703242,1
entry,7.1448317445444465,1
tip,7.144950646861524,1
crop,7.145114109483423,1
praise,7.14514471975089,1
print,7.145497043206663,1
finally,7.145501615607869,1
village,7.145874688382193,1
terrain,7.146154355746936,1
included,7.146234378759925,1
remains,7.146347919272313,1
add,7.14780112901096,1
prepare,7.1479180261011415,1
forum,7.148257912957468,1
timing,7.148608230370665,1
survivor,7.14901384083045,1
level,7.149105261987547,1
firefly,7.149304029304028,1
map,7.1496108770951725,1
recently,7.14985913263691,1
battle,7.150013471709584,1
rage,7.150097025495751,1
plethora,7.151424670433144,1
railway,7.152100423076924,1
prestige,7.152651933701658,1
resist,7.153050624472575,1
article,7.153527018633541,1
review,7.153753763142644,1
unlike,7.154543289845195,1
meta,7.154814725407362,1
tunnel,7.155773515057113,1
core,7.155895127363651,1
demand,7.15620419729207,1
inexpensive,7.156722483537159,1
polished,7.157397144414168,1
scaling,7.157575522850504,1
ensure,7.15793982173466,1
immersion,7.158025782688766,1
chess,7.158692694547708,1
storage,7.158862754665631,1
john,7.159251976805482,1
crokinole,7.159316137566137,1
link,7.15932411886662,1
vicious,7.159815763546798,1
improvement,7.159891855333465,1
loan,7.160575186321789,1
shadow,7.161013173188685,1
brain,7.1615297551686625,1
release,7.1615787267904505,1
grown,7.161623087899543,1
acquired,7.161820106907896,1
introduction,7.162966515793792,1
curse,7.163012915129151,1
immediately,7.163487425161611,1
leveling,7.16476092669433,1
growth,7.165007272727273,1
pro,7.165310707708497,1
gradually,7.1657086438152024,1
crawling,7.165871736625514,1
capability,7.166400740283775,1
essence,7.16670233463035,1
helpful,7.166891988579106,1
report,7.1669610802224,1
sacrifice,7.1682597730138715,1
competitively,7.168715627095909,1
birthday,7.1687910290652,1
prototype,7.168844452017449,1
definitely,7.16885124175007,1
series,7.170664177478111,1
file,7.171064940962761,1
casually,7.171078838174274,1
conquest,7.171362189239333,1
aggressive,7.171569539682539,1
lunch,7.171609427609427,1
san,7.1719068887518,1
craft,7.172275515463917,1
emerge,7.172425111111111,1
national,7.173064641275465,1
rare,7.173425434445306,1
learned,7.174949057909604,1
conflict,7.175136870050532,1
classic,7.176159122066189,1
steroid,7.1763067883211695,1
vast,7.176644745011085,1
hoot,7.176684921230308,1
tribe,7.1768825958840035,1
landscape,7.177196531791907,1
complexity,7.178133665218441,1
soviet,7.178561710398445,1
numerous,7.1786399378881995,1
job,7.178861052339303,1
pursue,7.180014504765851,1
x,7.181443465776065,1
smoother,7.181772151898735,1
network,7.182976130099229,1
laughing,7.183343538745388,1
farmer,7.183820825174825,1
exclusive,7.183836574132492,1
marco,7.183937900552485,1
relatively,7.184278654228856,1
detail,7.184570763906912,1
west,7.184702016188375,1
colors,7.185131441077441,1
columbia,7.185294630872484,1
stressful,7.185610377098817,1
david,7.1861336011080335,1
happy,7.186839636227265,1
aware,7.186927088646966,1
class,7.187448714097992,1
worry,7.187926859485311,1
weight,7.188466700864723,1
genuinely,7.18901303699284,1
afternoon,7.189968240043057,1
setup,7.190810299953277,1
story,7.190866105273948,1
trust,7.191151996911992,1
explain,7.191920893315792,1
leuk,7.1921298507462685,1
sheer,7.192132449038185,1
duel,7.1921749343981745,1
employ,7.192180412926391,1
agenda,7.192459420094403,1
tactically,7.193043473193473,1
french,7.193628661886242,1
approach,7.193925913095956,1
expedition,7.1950338993453355,1
compliment,7.195293382352942,1
combining,7.195642271584241,1
instantly,7.19586246441643,1
wit,7.195965428122546,1
barrier,7.196764444444445,1
victory,7.19743837874033,1
data,7.1977167721518995,1
monument,7.197864475201846,1
scope,7.199263110105581,1
richard,7.199339100877193,1
glory,7.199658889118314,1
guild,7.1997942168674705,1
steam,7.199859654527133,1
rotation,7.199859865470851,1
fly,7.200311965448172,1
healthy,7.200547955974841,1
elegance,7.200748105155345,1
fast,7.201088599304595,1
maximize,7.201475238922675,1
handicap,7.201516825657896,1
easier,7.201763049882826,1
alternate,7.201960169963779,1
prepared,7.202130912419896,1
forgiving,7.202230798687089,1
multiple,7.202310671107014,1
exploration,7.202509268819416,1
strategy,7.2029892755884815,1
consistent,7.203167903525046,1
continued,7.203208970189702,1
winter,7.203234255621976,1
familiar,7.203287373053487,1
park,7.203369677336748,1
accessibility,7.203950359242325,1
diplomacy,7.204019829293275,1
moment,7.2042114195883284,1
rondel,7.20421752291896,1
mayor,7.204649963154016,1
format,7.204991129166666,1
vacation,7.2051912568306005,1
synergy,7.206188304093567,1
coming,7.207340637034003,1
seat,7.20758002712968,1
ancient,7.208026762346981,1
alive,7.20833661278988,1
mission,7.209627010626399,1
summer,7.210486785009861,1
friend,7.210522356966325,1
wish,7.210538209104391,1
juan,7.211690130735708,1
command,7.211719445692884,1
military,7.212015881973141,1
disagree,7.212643705463183,1
miniature,7.212864710083472,1
marine,7.21348623853211,1
presence,7.213851211072664,1
hilarious,7.214940288946436,1
scientist,7.215635258358664,1
improving,7.21597343730887,1
tension,7.217505547293738,1
nicely,7.217676304304438,1
election,7.217931972789116,1
highlight,7.21795857605178,1
combination,7.218505568223612,1
exploring,7.220463804562601,1
innovative,7.221615764200299,1
ally,7.222182862629246,1
feeding,7.222624825772518,1
organized,7.223368026926649,1
crucial,7.223423228797381,1
w,7.223531211449991,1
gaming,7.223692317789874,1
cycle,7.223864859616899,1
matt,7.224294220183486,1
baseball,7.226294246815985,1
fully,7.226917158583105,1
world,7.228138817730643,1
realism,7.2288259109311745,1
tour,7.2299525821596236,1
living,7.230081340782122,1
sherlock,7.230425389408099,1
jewel,7.230476911430734,1
edition,7.230482848208963,1
unforgiving,7.230494192799071,1
density,7.2307865698143665,1
complex,7.231049879748773,1
latest,7.231160058737151,1
exploit,7.231269078947368,1
settlement,7.2318886088709675,1
tempo,7.232352209016393,1
discovery,7.2324273598130855,1
printing,7.233094613665389,1
capture,7.233736120979805,1
struggle,7.234298927510131,1
tactical,7.234401296251158,1
domination,7.234568336330936,1
medieval,7.2348798665183525,1
surface,7.234958478616498,1
root,7.235523998852552,1
night,7.235539100044214,1
realm,7.235623625399077,1
minor,7.23564706633043,1
session,7.2357626296420205,1
flowing,7.23586569579288,1
builder,7.236612368421052,1
stress,7.237034758165828,1
narrative,7.23793187211094,1
feed,7.238445178849144,1
father,7.238627946127947,1
toe,7.23903915035402,1
pleasantly,7.2391957949790795,1
iron,7.239661086157615,1
thick,7.240268136766335,1
itch,7.240919477031802,1
gateway,7.241228605145651,1
fiction,7.241267186915888,1
full,7.241382547633764,1
eager,7.241500750750751,1
historical,7.24193690445375,1
viking,7.24275381543922,1
sun,7.242763809073724,1
natural,7.2432569151324655,1
equally,7.243891764938662,1
taught,7.2446924293785315,1
providing,7.244954190647482,1
anticipate,7.245734883241759,1
angst,7.24584887678693,1
ideal,7.246038504854369,1
placement,7.246444985675415,1
overlord,7.246658096526838,1
compact,7.246943465734266,1
balance,7.247030040095769,1
solid,7.2471946834004015,1
heavy,7.247810679351812,1
colony,7.250306234786023,1
scale,7.250380139756355,1
mythos,7.250883174958076,1
surprisingly,7.250950882556591,1
upgrade,7.250955143364834,1
discover,7.251041959738054,1
burning,7.2512824838478105,1
hybrid,7.252221153698734,1
friday,7.253075092936803,1
science,7.254038904407201,1
freedom,7.254283886255925,1
challenge,7.2553773424410855,1
deception,7.25561320754717,1
rise,7.2587237058423915,1
tactic,7.25896430792712,1
appreciation,7.25902056569343,1
medium,7.2591112165283596,1
pandemic,7.261922987229607,1
specie,7.2624787959183665,1
memoir,7.263061312895702,1
sid,7.263350072886298,1
integration,7.263692017119464,1
economy,7.266186652137468,1
dense,7.266804949053857,1
dual,7.268159217470428,1
mixture,7.2681960285132385,1
creation,7.268720215633422,1
replay,7.269472432101008,1
comfortable,7.269580032271077,1
sim,7.269731664222873,1
footprint,7.270429472616632,1
crew,7.270753329166667,1
official,7.270794407001045,1
north,7.271483950787946,1
tier,7.27197467121286,1
consistently,7.273491802144586,1
deeply,7.274227358078603,1
chapter,7.274781910739191,1
bird,7.275194519804666,1
political,7.276207632093934,1
painting,7.276354181340341,1
addition,7.277041720363164,1
flow,7.278174545665545,1
aesthetically,7.279210387323944,1
husband,7.279953162929746,1
mayfair,7.280017593244195,1
adventure,7.280114782724748,1
easiest,7.2801982863247865,1
path,7.280688972802129,1
fin,7.281837559121621,1
dream,7.2821003023516235,1
napoleonic,7.283605700712589,1
cult,7.283640100671141,1
management,7.284519128081779,1
streamlined,7.285863662118839,1
introduce,7.285911181977764,1
alien,7.2859864896755155,1
global,7.286545854732208,1
possibility,7.288009654805784,1
valley,7.289332311960542,1
invasion,7.290226123703419,1
evening,7.2904433712660035,1
hundred,7.290872184133202,1
ramp,7.291196013289037,1
grasp,7.291534624916276,1
coop,7.291726938818125,1
date,7.292900592180914,1
worker,7.2940095627969335,1
operation,7.294691704464919,1
broad,7.295058731401723,1
tricky,7.295958115942028,1
mate,7.2963959390862945,1
legendary,7.296823680827278,1
imperial,7.296994767017393,1
alliance,7.297375095255882,1
dimension,7.297973310374517,1
adaptation,7.298278973151202,1
works,7.298472603211009,1
load,7.298810217673814,1
intelligent,7.2988631044558065,1
enhance,7.299188835286009,1
clean,7.299951789985052,1
inexperienced,7.300489361702128,1
engaging,7.300494166533313,1
worthy,7.300711237980769,1
radar,7.3008851680358475,1
magical,7.301240107913668,1
rising,7.302227576687116,1
base,7.302282541759467,1
different,7.3024005209766605,1
eclipse,7.302926292134832,1
holy,7.303081664098613,1
climate,7.3031969673405905,1
marvel,7.303507781973817,1
economic,7.304652161695835,1
tactile,7.305136680272109,1
demanding,7.305511510791367,1
layer,7.3055347464042395,1
pacific,7.305760206385037,1
sequel,7.30684974676421,1
confident,7.306908077994429,1
caveat,7.30693195018226,1
experienced,7.307482340400048,1
expand,7.307760515438853,1
evocative,7.3081062972292195,1
tide,7.309373723621512,1
optional,7.3100439990328825,1
volume,7.310081327800829,1
evolution,7.310628378052457,1
uncertainty,7.311005697177075,1
careful,7.311827852318776,1
tigris,7.312215659340659,1
simplicity,7.314429349923819,1
cosmic,7.315023062043795,1
fog,7.315185581302436,1
explore,7.315322311325039,1
cleverly,7.316329743303571,1
warfare,7.316676426190477,1
package,7.316790500119646,1
guide,7.317263228699551,1
variable,7.317571675032662,1
difficulty,7.317753028185556,1
mix,7.318122725797728,1
hall,7.318185077092511,1
fighter,7.318199061032864,1
wife,7.3182815174446025,1
month,7.31873898668564,1
carefully,7.319361462242563,1
wide,7.319402022647402,1
satisfied,7.319901360544218,1
historic,7.320400295950155,1
wine,7.321269579929988,1
burgundy,7.3215526688710435,1
crown,7.322487804878048,1
combine,7.322727492327366,1
definite,7.323844461160577,1
industry,7.324889398998331,1
blood,7.32500506084605,1
period,7.325411333643664,1
empire,7.325981412470905,1
adjust,7.32624298737296,1
expanding,7.326277089783281,1
importantly,7.3278705092775365,1
realistic,7.328620737585199,1
competitive,7.328863123422988,1
ten,7.331032977458166,1
expanded,7.333761718749999,1
thematic,7.334106774004995,1
commitment,7.334411594202899,1
inventory,7.334682354452054,1
interactivity,7.334697564807541,1
novice,7.334757829977629,1
renaissance,7.335172413793103,1
european,7.335834801236748,1
survival,7.335899852452969,1
laughter,7.335962222222221,1
farm,7.337292741221599,1
gripe,7.337527754532775,1
recommendation,7.337746575342465,1
plant,7.337961757213414,1
throat,7.338462815884477,1
western,7.339037996193583,1
easy,7.3390807171908605,1
smart,7.339218680809215,1
civil,7.339634007657946,1
playability,7.340493630525122,1
legend,7.341836652291105,1
refined,7.342102732354997,1
ingenious,7.3455909087937235,1
interactive,7.346164251534382,1
rival,7.346206132020846,1
deserved,7.347211382113821,1
twilight,7.347384565911266,1
tout,7.349114024632498,1
amazon,7.350274484058965,1
tire,7.3502915407854985,1
scenario,7.350984134507196,1
atmosphere,7.351371249018068,1
tightly,7.351777006861062,1
universe,7.353715075562109,1
indirect,7.353753827311697,1
subtlety,7.354570485093482,1
super,7.355190461266624,1
beginner,7.355795037002776,1
dynamic,7.356048353513036,1
nail,7.357832492431887,1
backed,7.358746137065638,1
tray,7.360411764705881,1
surprising,7.360616953768208,1
alongside,7.361059322033898,1
regularly,7.361116938156359,1
intrigue,7.361668037719858,1
worried,7.361992476257474,1
array,7.363135992747054,1
stefan,7.363971181556196,1
politics,7.364555291280149,1
imperium,7.365050761614623,1
absolutely,7.365726018875111,1
detailed,7.366899924535998,1
nation,7.367210362042684,1
storm,7.36954573743249,1
eric,7.36982435368043,1
steep,7.37411489258991,1
avenue,7.374445913621263,1
kingdom,7.375491584699453,1
lived,7.376808104524181,1
grand,7.378166787790698,1
fame,7.3782251982916405,1
lover,7.378841619047619,1
teach,7.379382221975043,1
wealth,7.379739747634068,1
impressive,7.381374315391881,1
farming,7.382379430172817,1
ongoing,7.383179945255474,1
pledge,7.383457111834963,1
treat,7.383589792387543,1
engaged,7.384337415705896,1
tough,7.384788357925801,1
civilization,7.385120139200719,1
invader,7.385298469032707,1
beast,7.385797591182365,1
relaxed,7.385933514548238,1
brutal,7.386596609579504,1
cutthroat,7.387385133967157,1
economics,7.387980169286577,1
journey,7.388460378681627,1
gra,7.3920283436669605,1
tremendously,7.3924640287769785,1
curve,7.393120351150321,1
gen,7.3958872704243195,1
intuitive,7.3958908942710755,1
overwhelming,7.3966762929848695,1
lovely,7.396743188159543,1
rich,7.396971994829816,1
strategic,7.398405304014363,1
permanent,7.399416301671064,1
furious,7.3995191782477345,1
trilogy,7.400084140744517,1
learning,7.400513585758331,1
enhanced,7.400772887850467,1
aircraft,7.40426936026936,1
content,7.4044193863056265,1
east,7.4055941267000716,1
kit,7.405848235540653,1
depth,7.406076418438873,1
crawler,7.407118246832146,1
surprise,7.407625347529812,1
feast,7.40904707379135,1
asymmetry,7.410199009276438,1
gorgeous,7.410859349940282,1
evolve,7.4113344426623895,1
plenty,7.411894859204329,1
investigator,7.4119016183986375,1
complain,7.412984480081025,1
lots,7.41315575149023,1
ease,7.413166428571429,1
variety,7.415798173247261,1
balanced,7.417168950553026,1
wisely,7.418449541284404,1
companion,7.418653872993718,1
essential,7.421254396803742,1
diversity,7.423206038135594,1
hulk,7.425887399463807,1
suspense,7.4261997289504045,1
gem,7.426917522245533,1
successor,7.426989681857266,1
remarkably,7.427754571026723,1
drawback,7.428571717698153,1
bonito,7.4291597425249165,1
multitude,7.4307759103641455,1
exceptionally,7.432217616580311,1
metal,7.437868796002924,1
expert,7.4380601888,1
breath,7.438784029038113,1
flexibility,7.43879558403634,1
faction,7.438941998056664,1
unique,7.440115047813232,1
battlefield,7.440740740740741,1
shine,7.443252819854514,1
blown,7.443269143633893,1
enjoying,7.443347286755656,1
thoughtful,7.444147636709463,1
operational,7.44523938070663,1
bumping,7.446182857142858,1
mage,7.447968619246861,1
slick,7.449283166904422,1
unlimited,7.450857371794872,1
endless,7.451253668297022,1
paced,7.452732768389662,1
burner,7.453187088248142,1
disease,7.453566486631016,1
achievement,7.455310876265962,1
custom,7.455349755671902,1
kudos,7.455580988593156,1
criticism,7.455973830341633,1
commander,7.456553854748604,1
thrilling,7.456602918973327,1
approachable,7.457914113530327,1
modular,7.458799978755047,1
seasoned,7.458847708894879,1
raising,7.459387451768488,1
unexpected,7.4596999489085,1
interplay,7.460519662921349,1
logged,7.460789535567313,1
skirmish,7.4610584356525695,1
dune,7.463833333333333,1
bot,7.463944531001589,1
smoothly,7.464333635044441,1
manageable,7.464854515828677,1
remarkable,7.465776173285199,1
accessible,7.467586674142604,1
belt,7.467658427807487,1
sweet,7.47095065294816,1
squad,7.473237407194245,1
forward,7.474840739832187,1
keeper,7.476262708719852,1
pilot,7.47654533844189,1
persona,7.476577981651377,1
upcoming,7.476800963081863,1
simulator,7.480616717557251,1
tonight,7.484793484971567,1
tutorial,7.4859511187545245,1
wait,7.487580734212474,1
top,7.488640719957521,1
reprint,7.489564166447195,1
beautiful,7.4930412178490515,1
mounted,7.493203328133125,1
perfectly,7.494459706400987,1
dive,7.494650322580646,1
complaint,7.49572646664993,1
clan,7.495909245630175,1
santa,7.497647780938834,1
sleeve,7.498977811709432,1
nuance,7.5000660667634245,1
goodness,7.500802951612903,1
mesa,7.503552843639227,1
meaty,7.504000538068335,1
varied,7.505781358891288,1
mars,7.507751670055185,1
satisfying,7.511565718736093,1
skeptical,7.512368568755846,1
penny,7.512486099410278,1
legacy,7.513218463779764,1
painted,7.513620231862379,1
league,7.513674776564052,1
countless,7.516953206779661,1
recommend,7.5181032725807455,1
differently,7.518115331620167,1
bon,7.521071067821068,1
staple,7.522318418314256,1
theater,7.523774252873563,1
spirit,7.526077668308703,1
subtle,7.526684440683702,1
stellar,7.5281337369290044,1
newcomer,7.5302022077270445,1
fluid,7.531409387755103,1
pack,7.535552732066878,1
tight,7.5361986600804265,1
clank,7.544965101010101,1
tournament,7.5464411075877695,1
lore,7.547324358740301,1
vital,7.553030217171718,1
refreshing,7.553685953069753,1
asymmetrical,7.55765526380976,1
campaign,7.558431326130008,1
learn,7.558904836301221,1
ultimate,7.561428125524769,1
notch,7.563362491292088,1
solo,7.567540450026951,1
variability,7.568349960276928,1
eastern,7.569337585868499,1
community,7.569768750000001,1
strategical,7.571666659973226,1
intricate,7.573571297002725,1
asymmetric,7.573705680000001,1
week,7.577523205679302,1
wow,7.583810008013891,1
rebel,7.584142444011685,1
teamwork,7.589225689404934,1
currently,7.589524074838355,1
downside,7.590475688575122,1
corporation,7.590614691525424,1
amazed,7.591694618556701,1
deep,7.591928445380918,1
summoner,7.595635359116022,1
module,7.596080524642289,1
atmospheric,7.6017886002886,1
great,7.606670798073378,1
deluxe,7.610792470282318,1
veteran,7.612018305882352,1
grail,7.6120378732702125,1
joy,7.612133542812254,1
diverse,7.626993079896907,1
ordered,7.627986512744736,1
expansion,7.629284333937061,1
raised,7.629661775213994,1
quibble,7.633821599453179,1
flexible,7.635017666547915,1
pax,7.635046968403074,1
rewarding,7.643384516036243,1
anniversary,7.647948622881356,1
instant,7.651009742937853,1
immensely,7.651855612482533,1
brass,7.658031016507385,1
fresh,7.660427699704142,1
fascinating,7.662075202468183,1
master,7.669526585635359,1
weekend,7.670729893238436,1
definitive,7.674244995996799,1
extension,7.676125941422594,1
smooth,7.686952160358469,1
epic,7.689187119085173,1
vassal,7.6914493125000005,1
elegant,7.6921571195861524,1
insert,7.6960828379300255,1
exceptional,7.696639748295754,1
delightful,7.700018038701213,1
scythe,7.704073872472783,1
season,7.70515746833773,1
pleasure,7.713024688760807,1
blend,7.723273169428114,1
premium,7.732331122900089,1
disappoint,7.738211497515969,1
sandbox,7.741469781397344,1
highly,7.7455916620524174,1
deceptively,7.74998286614937,1
tense,7.753864912342907,1
absolute,7.757937433628319,1
infinite,7.759837470725995,1
folded,7.764894592117323,1
occupation,7.76621644295302,1
love,7.770638811803616,1
immense,7.772704174228675,1
mayday,7.773318534961154,1
alike,7.779711833496094,1
elegantly,7.785354601063831,1
beautifully,7.785651169624117,1
tremendous,7.7900284669294795,1
sleeved,7.792772790496136,1
daunting,7.820859546157814,1
adapt,7.827061927806425,1
beauty,7.846101714285714,1
stunning,7.849346670834636,1
scales,7.850911793871866,1
dripping,7.857144061841181,1
delight,7.860962300319488,1
crunchy,7.871751704545455,1
intense,7.895322362315145,1
delicious,7.9015721024258765,1
blast,7.922294459079371,1
adore,7.936403276108726,1
amazingly,7.936452403100776,1
terrific,7.955829087540529,1
genius,7.956297510729613,1
engrossing,7.9630715762273905,1
wonderfully,7.972421553398059,1
wonderful,7.980229543724404,1
tuscany,7.980428357089273,1
excellent,7.980533418050408,1
fabulous,8.015036295951607,1
genial,8.017311509686039,1
perfect,8.028580756861794,1
awesome,8.05020418939898,1
loving,8.057377940122825,1
immersive,8.0783190202832,1
favorite,8.08277004809186,1
brilliantly,8.130828725747246,1
hooked,8.138193765754687,1
brilliant,8.168127508491404,1
organizer,8.197213643178412,1
fantastic,8.206413496118774,1
automa,8.21691887675507,1
amazing,8.222774188242461,1
superb,8.27048071284852,1
incredible,8.270705432595573,1
outstanding,8.279847944006999,1
phenomenal,8.31956934002112,1
excelente,8.353379231210555,1
addicted,8.391496,1
masterpiece,8.727072977452304,1
perfection,8.783856695379797,1
